"av_wages_year_prev";"av_wages_year";"av_wages_quarter";"calculation_type";"calculation_code";"industry";"average_wages_growth";"average_wages_value_prev";"average_wages_value"
;2006;2;pøepoètenı;200;Penìnictví a pojišovnictví;;;38758
;2006;1;pøepoètenı;200;"Zásobování vodou; èinnosti související s odpady a sanacemi";;;17219
;2006;1;pøepoètenı;200;Vzdìlávání;;;18177
;2006;4;pøepoètenı;200;Zemìdìlství, lesnictví, rybáøství;;;16625
;2006;4;pøepoètenı;200;Administrativní a podpùrné èinnosti;;;15723
;2006;4;pøepoètenı;200;Zpracovatelskı prùmysl;;;19923
;2006;3;pøepoètenı;200;Ostatní èinnosti;;;16178
;2006;3;pøepoètenı;200;Doprava a skladování;;;19270
;2006;2;pøepoètenı;200;Tìba a dobıvání;;;24021
;2006;2;pøepoètenı;200;Profesní, vìdecké a technické èinnosti;;;23857
;2006;1;pøepoètenı;200;Ubytování, stravování a pohostinství;;;11007
;2006;1;pøepoètenı;200;Kulturní, zábavní a rekreaèní èinnosti;;;15750
;2006;1;pøepoètenı;200;"Velkoobchod a maloobchod; opravy a údrba motorovıch vozidel";;;17002
;2006;4;pøepoètenı;200;Vzdìlávání;;;22805
;2006;4;pøepoètenı;200;"Zásobování vodou; èinnosti související s odpady a sanacemi";;;20858
;2006;3;pøepoètenı;200;Èinnosti v oblasti nemovitostí;;;18397
;2006;3;pøepoètenı;200;Informaèní a komunikaèní èinnosti;;;35164
;2006;2;pøepoètenı;200;Stavebnictví;;;17590
;2006;2;pøepoètenı;200;"Veøejná správa a obrana; povinné sociální zabezpeèení";;;23220
;2006;2;pøepoètenı;200;Vıroba a rozvod elektøiny, plynu, tepla a klimatiz. vzduchu;;;29342
;2006;2;pøepoètenı;200;Zdravotní a sociální péèe;;;18805
;2006;1;pøepoètenı;200;Penìnictví a pojišovnictví;;;44198
;2006;4;pøepoètenı;200;Ubytování, stravování a pohostinství;;;12299
;2006;4;pøepoètenı;200;Kulturní, zábavní a rekreaèní èinnosti;;;18128
;2006;4;pøepoètenı;200;"Velkoobchod a maloobchod; opravy a údrba motorovıch vozidel";;;20037
;2006;3;pøepoètenı;200;Zemìdìlství, lesnictví, rybáøství;;;15330
;2006;3;pøepoètenı;200;Administrativní a podpùrné èinnosti;;;14348
;2006;3;pøepoètenı;200;Zpracovatelskı prùmysl;;;18325
;2006;2;pøepoètenı;200;Ostatní èinnosti;;;16376
;2006;2;pøepoètenı;200;Doprava a skladování;;;19176
;2006;1;pøepoètenı;200;Tìba a dobıvání;;;21339
;2006;1;pøepoètenı;200;Profesní, vìdecké a technické èinnosti;;;22377
;2006;4;pøepoètenı;200;Penìnictví a pojišovnictví;;;40713
;2006;3;pøepoètenı;200;Vzdìlávání;;;19431
;2006;3;pøepoètenı;200;"Zásobování vodou; èinnosti související s odpady a sanacemi";;;18059
;2006;2;pøepoètenı;200;Èinnosti v oblasti nemovitostí;;;18743
;2006;2;pøepoètenı;200;Informaèní a komunikaèní èinnosti;;;34879
;2006;1;pøepoètenı;200;Stavebnictví;;;15647
;2006;1;pøepoètenı;200;"Veøejná správa a obrana; povinné sociální zabezpeèení";;;22096
;2006;1;pøepoètenı;200;Vıroba a rozvod elektøiny, plynu, tepla a klimatiz. vzduchu;;;26814
;2006;1;pøepoètenı;200;Zdravotní a sociální péèe;;;18034
;2006;4;pøepoètenı;200;Tìba a dobıvání;;;28803
;2006;4;pøepoètenı;200;Profesní, vìdecké a technické èinnosti;;;28482
;2006;3;pøepoètenı;200;Ubytování, stravování a pohostinství;;;11871
;2006;3;pøepoètenı;200;Kulturní, zábavní a rekreaèní èinnosti;;;16628
;2006;3;pøepoètenı;200;"Velkoobchod a maloobchod; opravy a údrba motorovıch vozidel";;;18161
;2006;2;pøepoètenı;200;Zemìdìlství, lesnictví, rybáøství;;;14422
;2006;2;pøepoètenı;200;Administrativní a podpùrné èinnosti;;;14159
;2006;2;pøepoètenı;200;Zpracovatelskı prùmysl;;;18442
;2006;1;pøepoètenı;200;Ostatní èinnosti;;;15515
;2006;1;pøepoètenı;200;Doprava a skladování;;;17960
;2006;4;pøepoètenı;200;Stavebnictví;;;19907
;2006;4;pøepoètenı;200;"Veøejná správa a obrana; povinné sociální zabezpeèení";;;24876
;2006;4;pøepoètenı;200;Vıroba a rozvod elektøiny, plynu, tepla a klimatiz. vzduchu;;;33277
;2006;4;pøepoètenı;200;Zdravotní a sociální péèe;;;20056
;2006;3;pøepoètenı;200;Penìnictví a pojišovnictví;;;36439
;2006;2;pøepoètenı;200;"Zásobování vodou; èinnosti související s odpady a sanacemi";;;18822
;2006;2;pøepoètenı;200;Vzdìlávání;;;19706
;2006;1;pøepoètenı;200;Èinnosti v oblasti nemovitostí;;;18360
;2006;1;pøepoètenı;200;Informaèní a komunikaèní èinnosti;;;35096
;2006;4;pøepoètenı;200;Ostatní èinnosti;;;17866
;2006;4;pøepoètenı;200;Doprava a skladování;;;20621
;2006;3;pøepoètenı;200;Tìba a dobıvání;;;22104
;2006;3;pøepoètenı;200;Profesní, vìdecké a technické èinnosti;;;23864
;2006;2;pøepoètenı;200;Ubytování, stravování a pohostinství;;;11520
;2006;2;pøepoètenı;200;Kulturní, zábavní a rekreaèní èinnosti;;;16803
;2006;2;pøepoètenı;200;"Velkoobchod a maloobchod; opravy a údrba motorovıch vozidel";;;17690
;2006;1;pøepoètenı;200;Zemìdìlství, lesnictví, rybáøství;;;12894
;2006;1;pøepoètenı;200;Administrativní a podpùrné èinnosti;;;13546
;2006;1;pøepoètenı;200;Zpracovatelskı prùmysl;;;17237
;2006;4;pøepoètenı;200;Èinnosti v oblasti nemovitostí;;;21468
;2006;4;pøepoètenı;200;Informaèní a komunikaèní èinnosti;;;38033
;2006;3;pøepoètenı;200;Stavebnictví;;;18257
;2006;3;pøepoètenı;200;"Veøejná správa a obrana; povinné sociální zabezpeèení";;;22946
;2006;3;pøepoètenı;200;Vıroba a rozvod elektøiny, plynu, tepla a klimatiz. vzduchu;;;27412
;2006;3;pøepoètenı;200;Zdravotní a sociální péèe;;;19271
2006;2007;2;pøepoètenı;200;Tìba a dobıvání;7.63;24021;25855
2006;2007;2;pøepoètenı;200;Profesní, vìdecké a technické èinnosti;10.75;23857;26422
2006;2007;1;pøepoètenı;200;Ubytování, stravování a pohostinství;5.75;11007;11640
2006;2007;1;pøepoètenı;200;Kulturní, zábavní a rekreaèní èinnosti;6.91;15750;16838
2006;2007;1;pøepoètenı;200;"Velkoobchod a maloobchod; opravy a údrba motorovıch vozidel";8.59;17002;18463
2006;2007;4;pøepoètenı;200;Vzdìlávání;4.77;22805;23892
2006;2007;4;pøepoètenı;200;"Zásobování vodou; èinnosti související s odpady a sanacemi";5.95;20858;22099
2006;2007;3;pøepoètenı;200;Èinnosti v oblasti nemovitostí;8.86;18397;20027
2006;2007;3;pøepoètenı;200;Informaèní a komunikaèní èinnosti;9.17;35164;38390
2006;2007;2;pøepoètenı;200;Stavebnictví;6.34;17590;18705
2006;2007;2;pøepoètenı;200;"Veøejná správa a obrana; povinné sociální zabezpeèení";6.34;23220;24691
2006;2007;2;pøepoètenı;200;Vıroba a rozvod elektøiny, plynu, tepla a klimatiz. vzduchu;2.55;29342;30089
2006;2007;2;pøepoètenı;200;Zdravotní a sociální péèe;5.93;18805;19921
2006;2007;1;pøepoètenı;200;Penìnictví a pojišovnictví;7.70;44198;47600
2006;2007;4;pøepoètenı;200;Ubytování, stravování a pohostinství;5.71;12299;13001
2006;2007;4;pøepoètenı;200;Kulturní, zábavní a rekreaèní èinnosti;6.10;18128;19233
2006;2007;4;pøepoètenı;200;"Velkoobchod a maloobchod; opravy a údrba motorovıch vozidel";7.54;20037;21548
2006;2007;3;pøepoètenı;200;Zemìdìlství, lesnictví, rybáøství;7.65;15330;16502
2006;2007;3;pøepoètenı;200;Administrativní a podpùrné èinnosti;5.79;14348;15179
2006;2007;3;pøepoètenı;200;Zpracovatelskı prùmysl;7.17;18325;19638
2006;2007;2;pøepoètenı;200;Ostatní èinnosti;6.34;16376;17414
2006;2007;2;pøepoètenı;200;Doprava a skladování;7.94;19176;20699
2006;2007;1;pøepoètenı;200;Tìba a dobıvání;8.84;21339;23225
2006;2007;1;pøepoètenı;200;Profesní, vìdecké a technické èinnosti;10.23;22377;24666
2006;2007;4;pøepoètenı;200;Penìnictví a pojišovnictví;-0.19;40713;40634
2006;2007;3;pøepoètenı;200;Vzdìlávání;7.75;19431;20937
2006;2007;3;pøepoètenı;200;"Zásobování vodou; èinnosti související s odpady a sanacemi";5.79;18059;19104
2006;2007;2;pøepoètenı;200;Èinnosti v oblasti nemovitostí;8.64;18743;20362
2006;2007;2;pøepoètenı;200;Informaèní a komunikaèní èinnosti;6.54;34879;37159
2006;2007;1;pøepoètenı;200;Stavebnictví;11.58;15647;17459
2006;2007;1;pøepoètenı;200;"Veøejná správa a obrana; povinné sociální zabezpeèení";6.89;22096;23619
2006;2007;1;pøepoètenı;200;Vıroba a rozvod elektøiny, plynu, tepla a klimatiz. vzduchu;7.81;26814;28907
2006;2007;1;pøepoètenı;200;Zdravotní a sociální péèe;5.32;18034;18994
2006;2007;4;pøepoètenı;200;Tìba a dobıvání;5.23;28803;30309
2006;2007;4;pøepoètenı;200;Profesní, vìdecké a technické èinnosti;6.07;28482;30211
2006;2007;3;pøepoètenı;200;Ubytování, stravování a pohostinství;5.64;11871;12541
2006;2007;3;pøepoètenı;200;Kulturní, zábavní a rekreaèní èinnosti;5.98;16628;17623
2006;2007;3;pøepoètenı;200;"Velkoobchod a maloobchod; opravy a údrba motorovıch vozidel";8.44;18161;19693
2006;2007;2;pøepoètenı;200;Zemìdìlství, lesnictví, rybáøství;7.73;14422;15537
2006;2007;2;pøepoètenı;200;Administrativní a podpùrné èinnosti;6.18;14159;15034
2006;2007;2;pøepoètenı;200;Zpracovatelskı prùmysl;7.51;18442;19827
2006;2007;1;pøepoètenı;200;Ostatní èinnosti;6.04;15515;16452
2006;2007;1;pøepoètenı;200;Doprava a skladování;7.68;17960;19339
2006;2007;4;pøepoètenı;200;Stavebnictví;4.46;19907;20795
2006;2007;4;pøepoètenı;200;"Veøejná správa a obrana; povinné sociální zabezpeèení";9.00;24876;27115
2006;2007;4;pøepoètenı;200;Vıroba a rozvod elektøiny, plynu, tepla a klimatiz. vzduchu;8.39;33277;36070
2006;2007;4;pøepoètenı;200;Zdravotní a sociální péèe;6.42;20056;21344
2006;2007;3;pøepoètenı;200;Penìnictví a pojišovnictví;6.57;36439;38832
2006;2007;2;pøepoètenı;200;Vzdìlávání;5.76;19706;20842
2006;2007;2;pøepoètenı;200;"Zásobování vodou; èinnosti související s odpady a sanacemi";4.32;18822;19635
2006;2007;1;pøepoètenı;200;Èinnosti v oblasti nemovitostí;8.44;18360;19909
2006;2007;1;pøepoètenı;200;Informaèní a komunikaèní èinnosti;6.95;35096;37536
2006;2007;4;pøepoètenı;200;Ostatní èinnosti;6.66;17866;19055
2006;2007;4;pøepoètenı;200;Doprava a skladování;6.43;20621;21947
2006;2007;3;pøepoètenı;200;Tìba a dobıvání;6.51;22104;23544
2006;2007;3;pøepoètenı;200;Profesní, vìdecké a technické èinnosti;9.99;23864;26247
2006;2007;2;pøepoètenı;200;Ubytování, stravování a pohostinství;6.88;11520;12312
2006;2007;2;pøepoètenı;200;Kulturní, zábavní a rekreaèní èinnosti;6.64;16803;17919
2006;2007;2;pøepoètenı;200;"Velkoobchod a maloobchod; opravy a údrba motorovıch vozidel";10.31;17690;19513
2006;2007;1;pøepoètenı;200;Zemìdìlství, lesnictví, rybáøství;10.29;12894;14221
2006;2007;1;pøepoètenı;200;Administrativní a podpùrné èinnosti;6.24;13546;14391
2006;2007;1;pøepoètenı;200;Zpracovatelskı prùmysl;7.83;17237;18586
2006;2007;4;pøepoètenı;200;Èinnosti v oblasti nemovitostí;4.97;21468;22534
2006;2007;4;pøepoètenı;200;Informaèní a komunikaèní èinnosti;3.90;38033;39515
2006;2007;3;pøepoètenı;200;Stavebnictví;4.69;18257;19113
2006;2007;3;pøepoètenı;200;"Veøejná správa a obrana; povinné sociální zabezpeèení";7.74;22946;24723
2006;2007;3;pøepoètenı;200;Vıroba a rozvod elektøiny, plynu, tepla a klimatiz. vzduchu;7.50;27412;29468
2006;2007;3;pøepoètenı;200;Zdravotní a sociální péèe;5.88;19271;20404
2006;2007;2;pøepoètenı;200;Penìnictví a pojišovnictví;9.45;38758;42422
2006;2007;1;pøepoètenı;200;Vzdìlávání;6.29;18177;19320
2006;2007;1;pøepoètenı;200;"Zásobování vodou; èinnosti související s odpady a sanacemi";5.32;17219;18135
2006;2007;4;pøepoètenı;200;Zemìdìlství, lesnictví, rybáøství;11.22;16625;18490
2006;2007;4;pøepoètenı;200;Administrativní a podpùrné èinnosti;3.91;15723;16338
2006;2007;4;pøepoètenı;200;Zpracovatelskı prùmysl;7.01;19923;21319
2006;2007;3;pøepoètenı;200;Ostatní èinnosti;8.09;16178;17487
2006;2007;3;pøepoètenı;200;Doprava a skladování;7.05;19270;20629
2007;2008;2;pøepoètenı;200;Stavebnictví;8.81;18705;20353
2007;2008;2;pøepoètenı;200;"Veøejná správa a obrana; povinné sociální zabezpeèení";3.25;24691;25493
2007;2008;2;pøepoètenı;200;Vıroba a rozvod elektøiny, plynu, tepla a klimatiz. vzduchu;10.92;30089;33376
2007;2008;2;pøepoètenı;200;Zdravotní a sociální péèe;3.89;19921;20695
2007;2008;1;pøepoètenı;200;Penìnictví a pojišovnictví;13.57;47600;54059
2007;2008;4;pøepoètenı;200;Ubytování, stravování a pohostinství;-0.94;13001;12879
2007;2008;4;pøepoètenı;200;Kulturní, zábavní a rekreaèní èinnosti;5.44;19233;20280
2007;2008;4;pøepoètenı;200;"Velkoobchod a maloobchod; opravy a údrba motorovıch vozidel";5.16;21548;22659
2007;2008;3;pøepoètenı;200;Zpracovatelskı prùmysl;7.64;19638;21138
2007;2008;3;pøepoètenı;200;Èinnosti v oblasti nemovitostí;2.67;20027;20561
2007;2008;3;pøepoètenı;200;Zemìdìlství, lesnictví, rybáøství;10.62;16502;18254
2007;2008;3;pøepoètenı;200;Administrativní a podpùrné èinnosti;2.69;15179;15588
2007;2008;2;pøepoètenı;200;Ostatní èinnosti;1.26;17414;17634
2007;2008;2;pøepoètenı;200;Doprava a skladování;7.93;20699;22341
2007;2008;1;pøepoètenı;200;Profesní, vìdecké a technické èinnosti;15.05;24666;28378
2007;2008;1;pøepoètenı;200;Tìba a dobıvání;16.13;23225;26971
2007;2008;4;pøepoètenı;200;Penìnictví a pojišovnictví;10.13;40634;44752
2007;2008;3;pøepoètenı;200;Vzdìlávání;3.28;20937;21623
2007;2008;3;pøepoètenı;200;"Zásobování vodou; èinnosti související s odpady a sanacemi";8.03;19104;20638
2007;2008;2;pøepoètenı;200;Informaèní a komunikaèní èinnosti;7.49;37159;39941
2007;2008;1;pøepoètenı;200;Stavebnictví;11.84;17459;19526
2007;2008;1;pøepoètenı;200;"Veøejná správa a obrana; povinné sociální zabezpeèení";3.05;23619;24339
2007;2008;1;pøepoètenı;200;Vıroba a rozvod elektøiny, plynu, tepla a klimatiz. vzduchu;23.56;28907;35717
2007;2008;1;pøepoètenı;200;Zdravotní a sociální péèe;5.35;18994;20011
2007;2008;4;pøepoètenı;200;Profesní, vìdecké a technické èinnosti;11.87;30211;33796
2007;2008;4;pøepoètenı;200;Tìba a dobıvání;16.64;30309;35352
2007;2008;3;pøepoètenı;200;Ubytování, stravování a pohostinství;-0.43;12541;12487
2007;2008;3;pøepoètenı;200;Kulturní, zábavní a rekreaèní èinnosti;4.64;17623;18441
2007;2008;3;pøepoètenı;200;"Velkoobchod a maloobchod; opravy a údrba motorovıch vozidel";7.08;19693;21088
2007;2008;2;pøepoètenı;200;Zpracovatelskı prùmysl;9.45;19827;21700
2007;2008;2;pøepoètenı;200;Èinnosti v oblasti nemovitostí;0.47;20362;20458
2007;2008;2;pøepoètenı;200;Zemìdìlství, lesnictví, rybáøství;9.70;15537;17044
2007;2008;2;pøepoètenı;200;Administrativní a podpùrné èinnosti;1.64;15034;15280
2007;2008;1;pøepoètenı;200;Ostatní èinnosti;6.72;16452;17557
2007;2008;1;pøepoètenı;200;Doprava a skladování;7.49;19339;20788
2007;2008;4;pøepoètenı;200;Stavebnictví;10.11;20795;22897
2007;2008;4;pøepoètenı;200;"Veøejná správa a obrana; povinné sociální zabezpeèení";7.98;27115;29278
2007;2008;4;pøepoètenı;200;Vıroba a rozvod elektøiny, plynu, tepla a klimatiz. vzduchu;9.37;36070;39450
2007;2008;4;pøepoètenı;200;Zdravotní a sociální péèe;6.98;21344;22833
2007;2008;3;pøepoètenı;200;Penìnictví a pojišovnictví;7.61;38832;41788
2007;2008;2;pøepoètenı;200;Vzdìlávání;3.21;20842;21512
2007;2008;2;pøepoètenı;200;"Zásobování vodou; èinnosti související s odpady a sanacemi";8.48;19635;21300
2007;2008;1;pøepoètenı;200;Informaèní a komunikaèní èinnosti;11.66;37536;41913
2007;2008;4;pøepoètenı;200;Ostatní èinnosti;0.45;19055;19140
2007;2008;4;pøepoètenı;200;Doprava a skladování;9.22;21947;23971
2007;2008;3;pøepoètenı;200;Profesní, vìdecké a technické èinnosti;10.74;26247;29065
2007;2008;3;pøepoètenı;200;Tìba a dobıvání;10.27;23544;25961
2007;2008;2;pøepoètenı;200;Ubytování, stravování a pohostinství;1.52;12312;12499
2007;2008;2;pøepoètenı;200;Kulturní, zábavní a rekreaèní èinnosti;3.67;17919;18577
2007;2008;2;pøepoètenı;200;"Velkoobchod a maloobchod; opravy a údrba motorovıch vozidel";8.31;19513;21135
2007;2008;1;pøepoètenı;200;Zpracovatelskı prùmysl;12.12;18586;20838
2007;2008;1;pøepoètenı;200;Èinnosti v oblasti nemovitostí;-0.44;19909;19822
2007;2008;1;pøepoètenı;200;Zemìdìlství, lesnictví, rybáøství;13.21;14221;16100
2007;2008;1;pøepoètenı;200;Administrativní a podpùrné èinnosti;4.83;14391;15086
2007;2008;4;pøepoètenı;200;Informaèní a komunikaèní èinnosti;11.84;39515;44195
2007;2008;3;pøepoètenı;200;Stavebnictví;9.70;19113;20967
2007;2008;3;pøepoètenı;200;"Veøejná správa a obrana; povinné sociální zabezpeèení";3.93;24723;25695
2007;2008;3;pøepoètenı;200;Vıroba a rozvod elektøiny, plynu, tepla a klimatiz. vzduchu;12.43;29468;33130
2007;2008;3;pøepoètenı;200;Zdravotní a sociální péèe;3.67;20404;21153
2007;2008;2;pøepoètenı;200;Penìnictví a pojišovnictví;-0.80;42422;42082
2007;2008;1;pøepoètenı;200;Vzdìlávání;3.30;19320;19958
2007;2008;1;pøepoètenı;200;"Zásobování vodou; èinnosti související s odpady a sanacemi";11.50;18135;20220
2007;2008;4;pøepoètenı;200;Zpracovatelskı prùmysl;6.03;21319;22605
2007;2008;4;pøepoètenı;200;Èinnosti v oblasti nemovitostí;-0.95;22534;22320
2007;2008;4;pøepoètenı;200;Zemìdìlství, lesnictví, rybáøství;6.31;18490;19657
2007;2008;4;pøepoètenı;200;Administrativní a podpùrné èinnosti;-1.13;16338;16154
2007;2008;3;pøepoètenı;200;Ostatní èinnosti;0.82;17487;17631
2007;2008;3;pøepoètenı;200;Doprava a skladování;8.56;20629;22395
2007;2008;2;pøepoètenı;200;Profesní, vìdecké a technické èinnosti;12.24;26422;29656
2007;2008;2;pøepoètenı;200;Tìba a dobıvání;11.41;25855;28806
2007;2008;1;pøepoètenı;200;Ubytování, stravování a pohostinství;3.27;11640;12021
2007;2008;1;pøepoètenı;200;Kulturní, zábavní a rekreaèní èinnosti;6.11;16838;17866
2007;2008;1;pøepoètenı;200;"Velkoobchod a maloobchod; opravy a údrba motorovıch vozidel";10.74;18463;20446
2007;2008;4;pøepoètenı;200;Vzdìlávání;6.14;23892;25360
2007;2008;4;pøepoètenı;200;"Zásobování vodou; èinnosti související s odpady a sanacemi";7.18;22099;23686
2007;2008;3;pøepoètenı;200;Informaèní a komunikaèní èinnosti;7.06;38390;41100
2008;2009;2;pøepoètenı;200;Ostatní èinnosti;3.78;17634;18301
2008;2009;2;pøepoètenı;200;Doprava a skladování;3.01;22341;23014
2008;2009;1;pøepoètenı;200;Profesní, vìdecké a technické èinnosti;11.86;28378;31745
2008;2009;1;pøepoètenı;200;Tìba a dobıvání;-5.73;26971;25425
2008;2009;4;pøepoètenı;200;Penìnictví a pojišovnictví;5.16;44752;47063
2008;2009;3;pøepoètenı;200;Vzdìlávání;6.40;21623;23006
2008;2009;3;pøepoètenı;200;"Zásobování vodou; èinnosti související s odpady a sanacemi";3.40;20638;21340
2008;2009;2;pøepoètenı;200;Informaèní a komunikaèní èinnosti;3.58;39941;41369
2008;2009;1;pøepoètenı;200;Stavebnictví;2.40;19526;19995
2008;2009;1;pøepoètenı;200;"Veøejná správa a obrana; povinné sociální zabezpeèení";3.70;24339;25240
2008;2009;1;pøepoètenı;200;Vıroba a rozvod elektøiny, plynu, tepla a klimatiz. vzduchu;10.30;35717;39397
2008;2009;1;pøepoètenı;200;Zdravotní a sociální péèe;6.43;20011;21297
2008;2009;4;pøepoètenı;200;Profesní, vìdecké a technické èinnosti;4.92;33796;35459
2008;2009;4;pøepoètenı;200;Tìba a dobıvání;-0.98;35352;35004
2008;2009;3;pøepoètenı;200;Ubytování, stravování a pohostinství;-1.15;12487;12343
2008;2009;3;pøepoètenı;200;Kulturní, zábavní a rekreaèní èinnosti;4.85;18441;19335
2008;2009;3;pøepoètenı;200;"Velkoobchod a maloobchod; opravy a údrba motorovıch vozidel";1.22;21088;21345
2008;2009;2;pøepoètenı;200;Zpracovatelskı prùmysl;0.18;21700;21740
2008;2009;2;pøepoètenı;200;Èinnosti v oblasti nemovitostí;-1.20;20458;20213
2008;2009;2;pøepoètenı;200;Zemìdìlství, lesnictví, rybáøství;0.47;17044;17124
2008;2009;2;pøepoètenı;200;Administrativní a podpùrné èinnosti;2.11;15280;15603
2008;2009;1;pøepoètenı;200;Ostatní èinnosti;-1.55;17557;17285
2008;2009;1;pøepoètenı;200;Doprava a skladování;5.05;20788;21837
2008;2009;4;pøepoètenı;200;Stavebnictví;7.34;22897;24577
2008;2009;4;pøepoètenı;200;"Veøejná správa a obrana; povinné sociální zabezpeèení";1.81;29278;29808
2008;2009;4;pøepoètenı;200;Vıroba a rozvod elektøiny, plynu, tepla a klimatiz. vzduchu;16.49;39450;45957
2008;2009;4;pøepoètenı;200;Zdravotní a sociální péèe;10.77;22833;25292
2008;2009;3;pøepoètenı;200;Penìnictví a pojišovnictví;1.51;41788;42420
2008;2009;2;pøepoètenı;200;Vzdìlávání;5.43;21512;22680
2008;2009;2;pøepoètenı;200;"Zásobování vodou; èinnosti související s odpady a sanacemi";2.32;21300;21795
2008;2009;1;pøepoètenı;200;Informaèní a komunikaèní èinnosti;3.76;41913;43490
2008;2009;4;pøepoètenı;200;Ostatní èinnosti;1.94;19140;19511
2008;2009;4;pøepoètenı;200;Doprava a skladování;0.13;23971;24002
2008;2009;3;pøepoètenı;200;Profesní, vìdecké a technické èinnosti;3.57;29065;30103
2008;2009;3;pøepoètenı;200;Tìba a dobıvání;1.08;25961;26241
2008;2009;2;pøepoètenı;200;Ubytování, stravování a pohostinství;-0.86;12499;12392
2008;2009;2;pøepoètenı;200;Kulturní, zábavní a rekreaèní èinnosti;3.85;18577;19292
2008;2009;2;pøepoètenı;200;"Velkoobchod a maloobchod; opravy a údrba motorovıch vozidel";-1.30;21135;20860
2008;2009;1;pøepoètenı;200;Zpracovatelskı prùmysl;-1.08;20838;20613
2008;2009;1;pøepoètenı;200;Èinnosti v oblasti nemovitostí;-3.47;19822;19135
2008;2009;1;pøepoètenı;200;Zemìdìlství, lesnictví, rybáøství;-1.66;16100;15833
2008;2009;1;pøepoètenı;200;Administrativní a podpùrné èinnosti;2.29;15086;15431
2008;2009;4;pøepoètenı;200;Informaèní a komunikaèní èinnosti;3.01;44195;45524
2008;2009;3;pøepoètenı;200;Stavebnictví;4.29;20967;21867
2008;2009;3;pøepoètenı;200;"Veøejná správa a obrana; povinné sociální zabezpeèení";4.24;25695;26785
2008;2009;3;pøepoètenı;200;Vıroba a rozvod elektøiny, plynu, tepla a klimatiz. vzduchu;11.24;33130;36853
2008;2009;3;pøepoètenı;200;Zdravotní a sociální péèe;8.91;21153;23038
2008;2009;2;pøepoètenı;200;Penìnictví a pojišovnictví;1.70;42082;42798
2008;2009;1;pøepoètenı;200;Vzdìlávání;4.60;19958;20877
2008;2009;1;pøepoètenı;200;"Zásobování vodou; èinnosti související s odpady a sanacemi";0.28;20220;20277
2008;2009;4;pøepoètenı;200;Zpracovatelskı prùmysl;4.89;22605;23711
2008;2009;4;pøepoètenı;200;Èinnosti v oblasti nemovitostí;3.51;22320;23103
2008;2009;4;pøepoètenı;200;Zemìdìlství, lesnictví, rybáøství;-2.12;19657;19241
2008;2009;4;pøepoètenı;200;Administrativní a podpùrné èinnosti;3.60;16154;16736
2008;2009;3;pøepoètenı;200;Ostatní èinnosti;3.34;17631;18219
2008;2009;3;pøepoètenı;200;Doprava a skladování;3.53;22395;23185
2008;2009;2;pøepoètenı;200;Profesní, vìdecké a technické èinnosti;0.68;29656;29858
2008;2009;2;pøepoètenı;200;Tìba a dobıvání;-7.06;28806;26772
2008;2009;1;pøepoètenı;200;Ubytování, stravování a pohostinství;-1.76;12021;11809
2008;2009;1;pøepoètenı;200;Kulturní, zábavní a rekreaèní èinnosti;-0.77;17866;17729
2008;2009;1;pøepoètenı;200;"Velkoobchod a maloobchod; opravy a údrba motorovıch vozidel";0.16;20446;20479
2008;2009;4;pøepoètenı;200;Vzdìlávání;6.87;25360;27101
2008;2009;4;pøepoètenı;200;"Zásobování vodou; èinnosti související s odpady a sanacemi";4.73;23686;24806
2008;2009;3;pøepoètenı;200;Informaèní a komunikaèní èinnosti;2.06;41100;41947
2008;2009;2;pøepoètenı;200;Stavebnictví;6.35;20353;21646
2008;2009;2;pøepoètenı;200;"Veøejná správa a obrana; povinné sociální zabezpeèení";3.19;25493;26305
2008;2009;2;pøepoètenı;200;Vıroba a rozvod elektøiny, plynu, tepla a klimatiz. vzduchu;6.64;33376;35592
2008;2009;2;pøepoètenı;200;Zdravotní a sociální péèe;8.47;20695;22447
2008;2009;1;pøepoètenı;200;Penìnictví a pojišovnictví;-3.57;54059;52131
2008;2009;4;pøepoètenı;200;Ubytování, stravování a pohostinství;-0.69;12879;12790
2008;2009;4;pøepoètenı;200;Kulturní, zábavní a rekreaèní èinnosti;5.72;20280;21441
2008;2009;4;pøepoètenı;200;"Velkoobchod a maloobchod; opravy a údrba motorovıch vozidel";0.50;22659;22773
2008;2009;3;pøepoètenı;200;Zpracovatelskı prùmysl;3.74;21138;21929
2008;2009;3;pøepoètenı;200;Èinnosti v oblasti nemovitostí;-0.91;20561;20373
2008;2009;3;pøepoètenı;200;Zemìdìlství, lesnictví, rybáøství;0.69;18254;18380
2008;2009;3;pøepoètenı;200;Administrativní a podpùrné èinnosti;2.08;15588;15913
2009;2010;2;pøepoètenı;200;Informaèní a komunikaèní èinnosti;2.80;41369;42527
2009;2010;1;pøepoètenı;200;Stavebnictví;-0.68;19995;19860
2009;2010;1;pøepoètenı;200;"Veøejná správa a obrana; povinné sociální zabezpeèení";3.03;25240;26005
2009;2010;1;pøepoètenı;200;Vıroba a rozvod elektøiny, plynu, tepla a klimatiz. vzduchu;3.41;39397;40742
2009;2010;1;pøepoètenı;200;Zdravotní a sociální péèe;6.26;21297;22631
2009;2010;4;pøepoètenı;200;Profesní, vìdecké a technické èinnosti;-1.53;35459;34918
2009;2010;4;pøepoètenı;200;Tìba a dobıvání;3.81;35004;36337
2009;2010;3;pøepoètenı;200;Kulturní, zábavní a rekreaèní èinnosti;1.00;19335;19528
2009;2010;3;pøepoètenı;200;"Velkoobchod a maloobchod; opravy a údrba motorovıch vozidel";2.83;21345;21949
2009;2010;2;pøepoètenı;200;Zpracovatelskı prùmysl;4.66;21740;22753
2009;2010;2;pøepoètenı;200;Èinnosti v oblasti nemovitostí;4.47;20213;21116
2009;2010;2;pøepoètenı;200;Zemìdìlství, lesnictví, rybáøství;3.65;17124;17749
2009;2010;2;pøepoètenı;200;Administrativní a podpùrné èinnosti;0.51;15603;15682
2009;2010;1;pøepoètenı;200;Ostatní èinnosti;0.77;17285;17418
2009;2010;1;pøepoètenı;200;Doprava a skladování;1.08;21837;22073
2009;2010;4;pøepoètenı;200;Stavebnictví;0.16;24577;24617
2009;2010;4;pøepoètenı;200;"Veøejná správa a obrana; povinné sociální zabezpeèení";-3.60;29808;28734
2009;2010;4;pøepoètenı;200;Vıroba a rozvod elektøiny, plynu, tepla a klimatiz. vzduchu;-1.53;45957;45254
2009;2010;4;pøepoètenı;200;Zdravotní a sociální péèe;-1.69;25292;24865
2009;2010;3;pøepoètenı;200;Ubytování, stravování a pohostinství;7.80;12343;13306
2009;2010;3;pøepoètenı;200;Penìnictví a pojišovnictví;2.37;42420;43424
2009;2010;2;pøepoètenı;200;Vzdìlávání;-0.10;22680;22658
2009;2010;2;pøepoètenı;200;"Zásobování vodou; èinnosti související s odpady a sanacemi";3.44;21795;22544
2009;2010;1;pøepoètenı;200;Informaèní a komunikaèní èinnosti;-0.55;43490;43250
2009;2010;4;pøepoètenı;200;Ostatní èinnosti;0.06;19511;19522
2009;2010;4;pøepoètenı;200;Doprava a skladování;-0.35;24002;23918
2009;2010;3;pøepoètenı;200;Profesní, vìdecké a technické èinnosti;6.10;30103;31939
2009;2010;3;pøepoètenı;200;Tìba a dobıvání;4.43;26241;27403
2009;2010;2;pøepoètenı;200;Ubytování, stravování a pohostinství;4.45;12392;12943
2009;2010;2;pøepoètenı;200;Kulturní, zábavní a rekreaèní èinnosti;1.88;19292;19655
2009;2010;2;pøepoètenı;200;"Velkoobchod a maloobchod; opravy a údrba motorovıch vozidel";3.77;20860;21647
2009;2010;1;pøepoètenı;200;Zpracovatelskı prùmysl;5.57;20613;21762
2009;2010;1;pøepoètenı;200;Èinnosti v oblasti nemovitostí;5.92;19135;20268
2009;2010;1;pøepoètenı;200;Zemìdìlství, lesnictví, rybáøství;2.89;15833;16291
2009;2010;1;pøepoètenı;200;Administrativní a podpùrné èinnosti;-0.07;15431;15420
2009;2010;4;pøepoètenı;200;Informaèní a komunikaèní èinnosti;0.37;45524;45694
2009;2010;3;pøepoètenı;200;Stavebnictví;2.48;21867;22409
2009;2010;3;pøepoètenı;200;"Veøejná správa a obrana; povinné sociální zabezpeèení";-1.54;26785;26373
2009;2010;3;pøepoètenı;200;Vıroba a rozvod elektøiny, plynu, tepla a klimatiz. vzduchu;1.54;36853;37421
2009;2010;3;pøepoètenı;200;Zdravotní a sociální péèe;2.29;23038;23566
2009;2010;2;pøepoètenı;200;Penìnictví a pojišovnictví;5.45;42798;45129
2009;2010;1;pøepoètenı;200;Vzdìlávání;2.73;20877;21446
2009;2010;1;pøepoètenı;200;"Zásobování vodou; èinnosti související s odpady a sanacemi";6.57;20277;21610
2009;2010;4;pøepoètenı;200;Zpracovatelskı prùmysl;4.13;23711;24691
2009;2010;4;pøepoètenı;200;Èinnosti v oblasti nemovitostí;-0.58;23103;22968
2009;2010;4;pøepoètenı;200;Zemìdìlství, lesnictví, rybáøství;7.57;19241;20697
2009;2010;4;pøepoètenı;200;Administrativní a podpùrné èinnosti;0.59;16736;16834
2009;2010;3;pøepoètenı;200;Ostatní èinnosti;0.62;18219;18332
2009;2010;3;pøepoètenı;200;Doprava a skladování;0.34;23185;23263
2009;2010;2;pøepoètenı;200;Profesní, vìdecké a technické èinnosti;2.28;29858;30539
2009;2010;2;pøepoètenı;200;Tìba a dobıvání;13.29;26772;30331
2009;2010;1;pøepoètenı;200;Ubytování, stravování a pohostinství;6.61;11809;12590
2009;2010;1;pøepoètenı;200;Kulturní, zábavní a rekreaèní èinnosti;7.54;17729;19066
2009;2010;1;pøepoètenı;200;"Velkoobchod a maloobchod; opravy a údrba motorovıch vozidel";2.48;20479;20986
2009;2010;4;pøepoètenı;200;Vzdìlávání;-5.88;27101;25507
2009;2010;4;pøepoètenı;200;"Zásobování vodou; èinnosti související s odpady a sanacemi";5.16;24806;26085
2009;2010;3;pøepoètenı;200;Informaèní a komunikaèní èinnosti;4.15;41947;43688
2009;2010;2;pøepoètenı;200;Stavebnictví;2.42;21646;22170
2009;2010;2;pøepoètenı;200;"Veøejná správa a obrana; povinné sociální zabezpeèení";1.36;26305;26662
2009;2010;2;pøepoètenı;200;Vıroba a rozvod elektøiny, plynu, tepla a klimatiz. vzduchu;6.11;35592;37766
2009;2010;2;pøepoètenı;200;Zdravotní a sociální péèe;3.80;22447;23301
2009;2010;1;pøepoètenı;200;Penìnictví a pojišovnictví;-1.37;52131;51418
2009;2010;4;pøepoètenı;200;Kulturní, zábavní a rekreaèní èinnosti;-1.64;21441;21089
2009;2010;4;pøepoètenı;200;"Velkoobchod a maloobchod; opravy a údrba motorovıch vozidel";3.46;22773;23561
2009;2010;3;pøepoètenı;200;Zpracovatelskı prùmysl;3.42;21929;22678
2009;2010;3;pøepoètenı;200;Èinnosti v oblasti nemovitostí;3.14;20373;21012
2009;2010;3;pøepoètenı;200;Zemìdìlství, lesnictví, rybáøství;3.68;18380;19056
2009;2010;3;pøepoètenı;200;Administrativní a podpùrné èinnosti;-0.49;15913;15835
2009;2010;2;pøepoètenı;200;Ostatní èinnosti;-0.95;18301;18128
2009;2010;2;pøepoètenı;200;Doprava a skladování;-0.08;23014;22996
2009;2010;1;pøepoètenı;200;Profesní, vìdecké a technické èinnosti;-8.61;31745;29011
2009;2010;1;pøepoètenı;200;Tìba a dobıvání;6.36;25425;27042
2009;2010;4;pøepoètenı;200;Ubytování, stravování a pohostinství;9.32;12790;13982
2009;2010;4;pøepoètenı;200;Penìnictví a pojišovnictví;-4.84;47063;44785
2009;2010;3;pøepoètenı;200;Vzdìlávání;-2.28;23006;22481
2009;2010;3;pøepoètenı;200;"Zásobování vodou; èinnosti související s odpady a sanacemi";2.84;21340;21947
2010;2011;2;pøepoètenı;200;Zpracovatelskı prùmysl;4.51;22753;23779
2010;2011;2;pøepoètenı;200;Èinnosti v oblasti nemovitostí;4.28;21116;22020
2010;2011;2;pøepoètenı;200;Zemìdìlství, lesnictví, rybáøství;1.82;17749;18072
2010;2011;2;pøepoètenı;200;Administrativní a podpùrné èinnosti;4.02;15682;16313
2010;2011;1;pøepoètenı;200;Ostatní èinnosti;6.51;17418;18552
2010;2011;1;pøepoètenı;200;Doprava a skladování;1.06;22073;22307
2010;2011;4;pøepoètenı;200;Zdravotní a sociální péèe;5.81;24865;26310
2010;2011;4;pøepoètenı;200;Stavebnictví;1.47;24617;24980
2010;2011;4;pøepoètenı;200;"Veøejná správa a obrana; povinné sociální zabezpeèení";-1.50;28734;28304
2010;2011;4;pøepoètenı;200;Vıroba a rozvod elektøiny, plynu, tepla a klimatiz. vzduchu;-3.07;45254;43863
2010;2011;3;pøepoètenı;200;Ubytování, stravování a pohostinství;-0.44;13306;13247
2010;2011;3;pøepoètenı;200;Penìnictví a pojišovnictví;2.77;43424;44626
2010;2011;2;pøepoètenı;200;Vzdìlávání;2.10;22658;23133
2010;2011;2;pøepoètenı;200;"Zásobování vodou; èinnosti související s odpady a sanacemi";1.44;22544;22868
2010;2011;1;pøepoètenı;200;Informaèní a komunikaèní èinnosti;5.26;43250;45527
2010;2011;4;pøepoètenı;200;Ostatní èinnosti;3.17;19522;20141
2010;2011;4;pøepoètenı;200;Doprava a skladování;0.34;23918;23999
2010;2011;3;pøepoètenı;200;Profesní, vìdecké a technické èinnosti;-1.77;31939;31373
2010;2011;3;pøepoètenı;200;Tìba a dobıvání;4.30;27403;28580
2010;2011;2;pøepoètenı;200;"Velkoobchod a maloobchod; opravy a údrba motorovıch vozidel";3.72;21647;22452
2010;2011;2;pøepoètenı;200;Kulturní, zábavní a rekreaèní èinnosti;0.57;19655;19767
2010;2011;1;pøepoètenı;200;Zpracovatelskı prùmysl;4.05;21762;22644
2010;2011;1;pøepoètenı;200;Èinnosti v oblasti nemovitostí;5.14;20268;21310
2010;2011;1;pøepoètenı;200;Zemìdìlství, lesnictví, rybáøství;3.44;16291;16851
2010;2011;1;pøepoètenı;200;Administrativní a podpùrné èinnosti;4.03;15420;16041
2010;2011;4;pøepoètenı;200;Informaèní a komunikaèní èinnosti;3.55;45694;47317
2010;2011;3;pøepoètenı;200;Stavebnictví;2.01;22409;22860
2010;2011;3;pøepoètenı;200;"Veøejná správa a obrana; povinné sociální zabezpeèení";-0.39;26373;26270
2010;2011;3;pøepoètenı;200;Vıroba a rozvod elektøiny, plynu, tepla a klimatiz. vzduchu;-1.58;37421;36828
2010;2011;3;pøepoètenı;200;Zdravotní a sociální péèe;4.90;23566;24720
2010;2011;2;pøepoètenı;200;Ubytování, stravování a pohostinství;1.17;12943;13095
2010;2011;2;pøepoètenı;200;Penìnictví a pojišovnictví;3.18;45129;46563
2010;2011;1;pøepoètenı;200;Vzdìlávání;1.45;21446;21756
2010;2011;1;pøepoètenı;200;"Zásobování vodou; èinnosti související s odpady a sanacemi";0.65;21610;21751
2010;2011;4;pøepoètenı;200;Zpracovatelskı prùmysl;2.38;24691;25279
2010;2011;4;pøepoètenı;200;Èinnosti v oblasti nemovitostí;5.19;22968;24161
2010;2011;4;pøepoètenı;200;Zemìdìlství, lesnictví, rybáøství;3.60;20697;21442
2010;2011;4;pøepoètenı;200;Administrativní a podpùrné èinnosti;2.43;16834;17243
2010;2011;3;pøepoètenı;200;Ostatní èinnosti;4.72;18332;19198
2010;2011;3;pøepoètenı;200;Doprava a skladování;-0.17;23263;23224
2010;2011;2;pøepoètenı;200;Profesní, vìdecké a technické èinnosti;3.57;30539;31630
2010;2011;2;pøepoètenı;200;Tìba a dobıvání;5.87;30331;32110
2010;2011;1;pøepoètenı;200;Kulturní, zábavní a rekreaèní èinnosti;0.03;19066;19071
2010;2011;1;pøepoètenı;200;"Velkoobchod a maloobchod; opravy a údrba motorovıch vozidel";3.26;20986;21670
2010;2011;4;pøepoètenı;200;Vzdìlávání;5.70;25507;26961
2010;2011;4;pøepoètenı;200;"Zásobování vodou; èinnosti související s odpady a sanacemi";-2.55;26085;25421
2010;2011;3;pøepoètenı;200;Informaèní a komunikaèní èinnosti;1.51;43688;44346
2010;2011;2;pøepoètenı;200;Stavebnictví;1.76;22170;22561
2010;2011;2;pøepoètenı;200;"Veøejná správa a obrana; povinné sociální zabezpeèení";-3.13;26662;25827
2010;2011;2;pøepoètenı;200;Vıroba a rozvod elektøiny, plynu, tepla a klimatiz. vzduchu;0.32;37766;37885
2010;2011;2;pøepoètenı;200;Zdravotní a sociální péèe;4.74;23301;24405
2010;2011;1;pøepoètenı;200;Ubytování, stravování a pohostinství;1.01;12590;12717
2010;2011;1;pøepoètenı;200;Penìnictví a pojišovnictví;3.29;51418;53111
2010;2011;4;pøepoètenı;200;"Velkoobchod a maloobchod; opravy a údrba motorovıch vozidel";4.33;23561;24581
2010;2011;4;pøepoètenı;200;Kulturní, zábavní a rekreaèní èinnosti;0.44;21089;21182
2010;2011;3;pøepoètenı;200;Zpracovatelskı prùmysl;3.20;22678;23404
2010;2011;3;pøepoètenı;200;Èinnosti v oblasti nemovitostí;4.02;21012;21857
2010;2011;3;pøepoètenı;200;Zemìdìlství, lesnictví, rybáøství;2.74;19056;19578
2010;2011;3;pøepoètenı;200;Administrativní a podpùrné èinnosti;4.77;15835;16590
2010;2011;2;pøepoètenı;200;Ostatní èinnosti;4.62;18128;18965
2010;2011;2;pøepoètenı;200;Doprava a skladování;-1.21;22996;22718
2010;2011;1;pøepoètenı;200;Profesní, vìdecké a technické èinnosti;5.97;29011;30744
2010;2011;1;pøepoètenı;200;Tìba a dobıvání;5.00;27042;28395
2010;2011;4;pøepoètenı;200;Ubytování, stravování a pohostinství;-3.69;13982;13466
2010;2011;4;pøepoètenı;200;Penìnictví a pojišovnictví;3.59;44785;46393
2010;2011;3;pøepoètenı;200;Vzdìlávání;3.36;22481;23236
2010;2011;3;pøepoètenı;200;"Zásobování vodou; èinnosti související s odpady a sanacemi";2.92;21947;22588
2010;2011;2;pøepoètenı;200;Informaèní a komunikaèní èinnosti;3.82;42527;44151
2010;2011;1;pøepoètenı;200;Stavebnictví;4.27;19860;20709
2010;2011;1;pøepoètenı;200;"Veøejná správa a obrana; povinné sociální zabezpeèení";-4.16;26005;24922
2010;2011;1;pøepoètenı;200;Vıroba a rozvod elektøiny, plynu, tepla a klimatiz. vzduchu;3.65;40742;42230
2010;2011;1;pøepoètenı;200;Zdravotní a sociální péèe;2.86;22631;23278
2010;2011;4;pøepoètenı;200;Profesní, vìdecké a technické èinnosti;2.36;34918;35741
2010;2011;4;pøepoètenı;200;Tìba a dobıvání;1.99;36337;37061
2010;2011;3;pøepoètenı;200;"Velkoobchod a maloobchod; opravy a údrba motorovıch vozidel";2.67;21949;22536
2010;2011;3;pøepoètenı;200;Kulturní, zábavní a rekreaèní èinnosti;-0.45;19528;19441
2011;2012;2;pøepoètenı;200;Vzdìlávání;1.79;23133;23546
2011;2012;2;pøepoètenı;200;"Zásobování vodou; èinnosti související s odpady a sanacemi";2.17;22868;23365
2011;2012;1;pøepoètenı;200;Informaèní a komunikaèní èinnosti;1.15;45527;46050
2011;2012;4;pøepoètenı;200;Ostatní èinnosti;0.13;20141;20167
2011;2012;4;pøepoètenı;200;Doprava a skladování;1.54;23999;24368
2011;2012;3;pøepoètenı;200;Profesní, vìdecké a technické èinnosti;-2.18;31373;30689
2011;2012;3;pøepoètenı;200;Tìba a dobıvání;1.66;28580;29054
2011;2012;2;pøepoètenı;200;"Velkoobchod a maloobchod; opravy a údrba motorovıch vozidel";0.74;22452;22619
2011;2012;2;pøepoètenı;200;Kulturní, zábavní a rekreaèní èinnosti;1.95;19767;20153
2011;2012;1;pøepoètenı;200;Zpracovatelskı prùmysl;3.83;22644;23511
2011;2012;1;pøepoètenı;200;Èinnosti v oblasti nemovitostí;4.13;21310;22191
2011;2012;1;pøepoètenı;200;Zemìdìlství, lesnictví, rybáøství;6.23;16851;17901
2011;2012;1;pøepoètenı;200;Administrativní a podpùrné èinnosti;3.82;16041;16653
2011;2012;4;pøepoètenı;200;Informaèní a komunikaèní èinnosti;3.74;47317;49089
2011;2012;3;pøepoètenı;200;Zdravotní a sociální péèe;1.61;24720;25117
2011;2012;3;pøepoètenı;200;Stavebnictví;0.23;22860;22912
2011;2012;3;pøepoètenı;200;"Veøejná správa a obrana; povinné sociální zabezpeèení";0.66;26270;26443
2011;2012;3;pøepoètenı;200;Vıroba a rozvod elektøiny, plynu, tepla a klimatiz. vzduchu;4.32;36828;38420
2011;2012;2;pøepoètenı;200;Ubytování, stravování a pohostinství;0.11;13095;13109
2011;2012;2;pøepoètenı;200;Penìnictví a pojišovnictví;3.66;46563;48267
2011;2012;1;pøepoètenı;200;Vzdìlávání;4.59;21756;22754
2011;2012;1;pøepoètenı;200;"Zásobování vodou; èinnosti související s odpady a sanacemi";3.61;21751;22537
2011;2012;4;pøepoètenı;200;Zpracovatelskı prùmysl;2.96;25279;26027
2011;2012;4;pøepoètenı;200;Èinnosti v oblasti nemovitostí;-1.54;24161;23790
2011;2012;4;pøepoètenı;200;Zemìdìlství, lesnictví, rybáøství;4.20;21442;22342
2011;2012;4;pøepoètenı;200;Administrativní a podpùrné èinnosti;2.80;17243;17726
2011;2012;3;pøepoètenı;200;Ostatní èinnosti;0.08;19198;19214
2011;2012;3;pøepoètenı;200;Doprava a skladování;-0.22;23224;23174
2011;2012;2;pøepoètenı;200;Profesní, vìdecké a technické èinnosti;2.50;31630;32421
2011;2012;2;pøepoètenı;200;Tìba a dobıvání;1.09;32110;32460
2011;2012;1;pøepoètenı;200;"Velkoobchod a maloobchod; opravy a údrba motorovıch vozidel";4.08;21670;22554
2011;2012;1;pøepoètenı;200;Kulturní, zábavní a rekreaèní èinnosti;1.46;19071;19349
2011;2012;4;pøepoètenı;200;Vzdìlávání;1.04;26961;27242
2011;2012;4;pøepoètenı;200;"Zásobování vodou; èinnosti související s odpady a sanacemi";3.27;25421;26253
2011;2012;3;pøepoètenı;200;Informaèní a komunikaèní èinnosti;3.56;44346;45925
2011;2012;2;pøepoètenı;200;Zdravotní a sociální péèe;1.62;24405;24801
2011;2012;2;pøepoètenı;200;Stavebnictví;-2.09;22561;22089
2011;2012;2;pøepoètenı;200;"Veøejná správa a obrana; povinné sociální zabezpeèení";2.00;25827;26344
2011;2012;2;pøepoètenı;200;Vıroba a rozvod elektøiny, plynu, tepla a klimatiz. vzduchu;3.46;37885;39197
2011;2012;1;pøepoètenı;200;Ubytování, stravování a pohostinství;1.59;12717;12919
2011;2012;1;pøepoètenı;200;Penìnictví a pojišovnictví;0.78;53111;53525
2011;2012;4;pøepoètenı;200;"Velkoobchod a maloobchod; opravy a údrba motorovıch vozidel";3.35;24581;25405
2011;2012;4;pøepoètenı;200;Kulturní, zábavní a rekreaèní èinnosti;10.81;21182;23472
2011;2012;3;pøepoètenı;200;Zpracovatelskı prùmysl;1.91;23404;23850
2011;2012;3;pøepoètenı;200;Èinnosti v oblasti nemovitostí;-0.70;21857;21704
2011;2012;3;pøepoètenı;200;Zemìdìlství, lesnictví, rybáøství;2.61;19578;20089
2011;2012;3;pøepoètenı;200;Administrativní a podpùrné èinnosti;1.22;16590;16792
2011;2012;2;pøepoètenı;200;Ostatní èinnosti;1.24;18965;19200
2011;2012;2;pøepoètenı;200;Doprava a skladování;1.21;22718;22993
2011;2012;1;pøepoètenı;200;Profesní, vìdecké a technické èinnosti;2.63;30744;31553
2011;2012;1;pøepoètenı;200;Tìba a dobıvání;5.27;28395;29890
2011;2012;4;pøepoètenı;200;Ubytování, stravování a pohostinství;1.88;13466;13719
2011;2012;4;pøepoètenı;200;Penìnictví a pojišovnictví;21.83;46393;56519
2011;2012;3;pøepoètenı;200;Vzdìlávání;3.53;23236;24057
2011;2012;3;pøepoètenı;200;"Zásobování vodou; èinnosti související s odpady a sanacemi";0.56;22588;22715
2011;2012;2;pøepoètenı;200;Informaèní a komunikaèní èinnosti;3.06;44151;45500
2011;2012;1;pøepoètenı;200;Zdravotní a sociální péèe;3.57;23278;24108
2011;2012;1;pøepoètenı;200;Stavebnictví;1.99;20709;21122
2011;2012;1;pøepoètenı;200;"Veøejná správa a obrana; povinné sociální zabezpeèení";2.12;24922;25451
2011;2012;1;pøepoètenı;200;Vıroba a rozvod elektøiny, plynu, tepla a klimatiz. vzduchu;2.29;42230;43195
2011;2012;4;pøepoètenı;200;Profesní, vìdecké a technické èinnosti;2.41;35741;36604
2011;2012;4;pøepoètenı;200;Tìba a dobıvání;4.58;37061;38757
2011;2012;3;pøepoètenı;200;"Velkoobchod a maloobchod; opravy a údrba motorovıch vozidel";0.80;22536;22717
2011;2012;3;pøepoètenı;200;Kulturní, zábavní a rekreaèní èinnosti;4.21;19441;20259
2011;2012;2;pøepoètenı;200;Zpracovatelskı prùmysl;3.02;23779;24496
2011;2012;2;pøepoètenı;200;Èinnosti v oblasti nemovitostí;2.29;22020;22525
2011;2012;2;pøepoètenı;200;Zemìdìlství, lesnictví, rybáøství;5.06;18072;18987
2011;2012;2;pøepoètenı;200;Administrativní a podpùrné èinnosti;4.16;16313;16991
2011;2012;1;pøepoètenı;200;Ostatní èinnosti;1.78;18552;18882
2011;2012;1;pøepoètenı;200;Doprava a skladování;1.48;22307;22637
2011;2012;4;pøepoètenı;200;Zdravotní a sociální péèe;-0.12;26310;26279
2011;2012;4;pøepoètenı;200;Stavebnictví;1.18;24980;25276
2011;2012;4;pøepoètenı;200;"Veøejná správa a obrana; povinné sociální zabezpeèení";0.99;28304;28585
2011;2012;4;pøepoètenı;200;Vıroba a rozvod elektøiny, plynu, tepla a klimatiz. vzduchu;13.57;43863;49817
2011;2012;3;pøepoètenı;200;Ubytování, stravování a pohostinství;0.25;13247;13280
2011;2012;3;pøepoètenı;200;Penìnictví a pojišovnictví;0.59;44626;44891
2012;2013;2;pøepoètenı;200;"Velkoobchod a maloobchod; opravy a údrba motorovıch vozidel";0.83;22619;22807
2012;2013;2;pøepoètenı;200;Kulturní, zábavní a rekreaèní èinnosti;1.45;20153;20445
2012;2013;1;pøepoètenı;200;Zpracovatelskı prùmysl;0.51;23511;23630
2012;2013;1;pøepoètenı;200;Èinnosti v oblasti nemovitostí;-1.28;22191;21906
2012;2013;1;pøepoètenı;200;Zemìdìlství, lesnictví, rybáøství;0.84;17901;18052
2012;2013;1;pøepoètenı;200;Administrativní a podpùrné èinnosti;-2.50;16653;16236
2012;2013;4;pøepoètenı;200;Informaèní a komunikaèní èinnosti;-2.71;49089;47761
2012;2013;3;pøepoètenı;200;Vıroba a rozvod elektøiny, plynu, tepla a klimatiz. vzduchu;-0.05;38420;38399
2012;2013;3;pøepoètenı;200;Zdravotní a sociální péèe;0.26;25117;25183
2012;2013;3;pøepoètenı;200;"Veøejná správa a obrana; povinné sociální zabezpeèení";-0.41;26443;26335
2012;2013;2;pøepoètenı;200;Ubytování, stravování a pohostinství;4.03;13109;13637
2012;2013;2;pøepoètenı;200;Penìnictví a pojišovnictví;-2.49;48267;47063
2012;2013;1;pøepoètenı;200;Vzdìlávání;-0.28;22754;22691
2012;2013;1;pøepoètenı;200;"Zásobování vodou; èinnosti související s odpady a sanacemi";-1.92;22537;22105
2012;2013;4;pøepoètenı;200;Administrativní a podpùrné èinnosti;-1.06;17726;17538
2012;2013;4;pøepoètenı;200;Zpracovatelskı prùmysl;0.53;26027;26165
2012;2013;4;pøepoètenı;200;Èinnosti v oblasti nemovitostí;-3.70;23790;22909
2012;2013;4;pøepoètenı;200;Zemìdìlství, lesnictví, rybáøství;4.23;22342;23286
2012;2013;3;pøepoètenı;200;Stavebnictví;-1.57;22912;22553
2012;2013;3;pøepoètenı;200;Ostatní èinnosti;2.97;19214;19785
2012;2013;3;pøepoètenı;200;Doprava a skladování;1.51;23174;23524
2012;2013;2;pøepoètenı;200;Profesní, vìdecké a technické èinnosti;-2.98;32421;31455
2012;2013;2;pøepoètenı;200;Tìba a dobıvání;-7.46;32460;30040
2012;2013;1;pøepoètenı;200;"Velkoobchod a maloobchod; opravy a údrba motorovıch vozidel";-0.36;22554;22472
2012;2013;1;pøepoètenı;200;Kulturní, zábavní a rekreaèní èinnosti;1.51;19349;19642
2012;2013;4;pøepoètenı;200;Vzdìlávání;2.16;27242;27830
2012;2013;4;pøepoètenı;200;"Zásobování vodou; èinnosti související s odpady a sanacemi";-0.80;26253;26043
2012;2013;3;pøepoètenı;200;Informaèní a komunikaèní èinnosti;-0.62;45925;45641
2012;2013;2;pøepoètenı;200;Vıroba a rozvod elektøiny, plynu, tepla a klimatiz. vzduchu;0.29;39197;39311
2012;2013;2;pøepoètenı;200;Zdravotní a sociální péèe;0.75;24801;24986
2012;2013;2;pøepoètenı;200;"Veøejná správa a obrana; povinné sociální zabezpeèení";1.45;26344;26725
2012;2013;1;pøepoètenı;200;Ubytování, stravování a pohostinství;2.76;12919;13276
2012;2013;1;pøepoètenı;200;Penìnictví a pojišovnictví;-11.42;53525;47411
2012;2013;4;pøepoètenı;200;"Velkoobchod a maloobchod; opravy a údrba motorovıch vozidel";-4.63;25405;24229
2012;2013;4;pøepoètenı;200;Kulturní, zábavní a rekreaèní èinnosti;-6.53;23472;21940
2012;2013;3;pøepoètenı;200;Administrativní a podpùrné èinnosti;0.55;16792;16885
2012;2013;3;pøepoètenı;200;Zpracovatelskı prùmysl;2.26;23850;24389
2012;2013;3;pøepoètenı;200;Èinnosti v oblasti nemovitostí;-0.88;21704;21514
2012;2013;3;pøepoètenı;200;Zemìdìlství, lesnictví, rybáøství;4.47;20089;20986
2012;2013;2;pøepoètenı;200;Stavebnictví;0.85;22089;22276
2012;2013;2;pøepoètenı;200;Ostatní èinnosti;3.08;19200;19792
2012;2013;2;pøepoètenı;200;Doprava a skladování;0.84;22993;23187
2012;2013;1;pøepoètenı;200;Profesní, vìdecké a technické èinnosti;-2.27;31553;30836
2012;2013;1;pøepoètenı;200;Tìba a dobıvání;-3.57;29890;28824
2012;2013;4;pøepoètenı;200;Ubytování, stravování a pohostinství;3.71;13719;14228
2012;2013;4;pøepoètenı;200;Penìnictví a pojišovnictví;-18.15;56519;46262
2012;2013;3;pøepoètenı;200;Vzdìlávání;2.40;24057;24635
2012;2013;3;pøepoètenı;200;"Zásobování vodou; èinnosti související s odpady a sanacemi";0.04;22715;22724
2012;2013;2;pøepoètenı;200;Informaèní a komunikaèní èinnosti;-0.83;45500;45122
2012;2013;1;pøepoètenı;200;Vıroba a rozvod elektøiny, plynu, tepla a klimatiz. vzduchu;-2.73;43195;42016
2012;2013;1;pøepoètenı;200;Zdravotní a sociální péèe;0.01;24108;24110
2012;2013;1;pøepoètenı;200;"Veøejná správa a obrana; povinné sociální zabezpeèení";0.07;25451;25470
2012;2013;4;pøepoètenı;200;Profesní, vìdecké a technické èinnosti;-6.52;36604;34219
2012;2013;4;pøepoètenı;200;Tìba a dobıvání;-4.13;38757;37157
2012;2013;3;pøepoètenı;200;"Velkoobchod a maloobchod; opravy a údrba motorovıch vozidel";1.29;22717;23011
2012;2013;3;pøepoètenı;200;Kulturní, zábavní a rekreaèní èinnosti;-1.20;20259;20015
2012;2013;2;pøepoètenı;200;Administrativní a podpùrné èinnosti;-1.96;16991;16658
2012;2013;2;pøepoètenı;200;Zpracovatelskı prùmysl;2.00;24496;24985
2012;2013;2;pøepoètenı;200;Èinnosti v oblasti nemovitostí;-1.10;22525;22277
2012;2013;2;pøepoètenı;200;Zemìdìlství, lesnictví, rybáøství;4.03;18987;19753
2012;2013;1;pøepoètenı;200;Stavebnictví;-1.63;21122;20778
2012;2013;1;pøepoètenı;200;Ostatní èinnosti;1.37;18882;19140
2012;2013;1;pøepoètenı;200;Doprava a skladování;-0.58;22637;22506
2012;2013;4;pøepoètenı;200;Vıroba a rozvod elektøiny, plynu, tepla a klimatiz. vzduchu;-13.04;49817;43321
2012;2013;4;pøepoètenı;200;Zdravotní a sociální péèe;-0.13;26279;26244
2012;2013;4;pøepoètenı;200;"Veøejná správa a obrana; povinné sociální zabezpeèení";-0.48;28585;28448
2012;2013;3;pøepoètenı;200;Ubytování, stravování a pohostinství;3.91;13280;13799
2012;2013;3;pøepoètenı;200;Penìnictví a pojišovnictví;-0.80;44891;44530
2012;2013;2;pøepoètenı;200;Vzdìlávání;2.50;23546;24135
2012;2013;2;pøepoètenı;200;"Zásobování vodou; èinnosti související s odpady a sanacemi";0.97;23365;23591
2012;2013;1;pøepoètenı;200;Informaèní a komunikaèní èinnosti;0.10;46050;46096
2012;2013;4;pøepoètenı;200;Stavebnictví;-5.40;25276;23910
2012;2013;4;pøepoètenı;200;Ostatní èinnosti;2.72;20167;20716
2012;2013;4;pøepoètenı;200;Doprava a skladování;0.30;24368;24440
2012;2013;3;pøepoètenı;200;Profesní, vìdecké a technické èinnosti;0.33;30689;30789
2012;2013;3;pøepoètenı;200;Tìba a dobıvání;3.00;29054;29925
2013;2014;2;pøepoètenı;200;Ubytování, stravování a pohostinství;2.04;13637;13915
2013;2014;2;pøepoètenı;200;Penìnictví a pojišovnictví;3.58;47063;48750
2013;2014;1;pøepoètenı;200;Vzdìlávání;1.89;22691;23119
2013;2014;1;pøepoètenı;200;"Zásobování vodou; èinnosti související s odpady a sanacemi";2.95;22105;22757
2013;2014;4;pøepoètenı;200;Zemìdìlství, lesnictví, rybáøství;3.93;23286;24201
2013;2014;4;pøepoètenı;200;Administrativní a podpùrné èinnosti;-0.31;17538;17483
2013;2014;4;pøepoètenı;200;Zpracovatelskı prùmysl;3.67;26165;27125
2013;2014;4;pøepoètenı;200;Èinnosti v oblasti nemovitostí;1.55;22909;23265
2013;2014;3;pøepoètenı;200;Stavebnictví;2.78;22553;23179
2013;2014;3;pøepoètenı;200;Ostatní èinnosti;0.86;19785;19955
2013;2014;3;pøepoètenı;200;Doprava a skladování;0.73;23524;23696
2013;2014;2;pøepoètenı;200;Profesní, vìdecké a technické èinnosti;2.72;31455;32312
2013;2014;2;pøepoètenı;200;Tìba a dobıvání;2.68;30040;30844
2013;2014;1;pøepoètenı;200;"Velkoobchod a maloobchod; opravy a údrba motorovıch vozidel";3.46;22472;23249
2013;2014;1;pøepoètenı;200;Kulturní, zábavní a rekreaèní èinnosti;4.21;19642;20468
2013;2014;4;pøepoètenı;200;Vzdìlávání;3.14;27830;28704
2013;2014;4;pøepoètenı;200;"Zásobování vodou; èinnosti související s odpady a sanacemi";3.15;26043;26864
2013;2014;3;pøepoètenı;200;Informaèní a komunikaèní èinnosti;3.50;45641;47239
2013;2014;2;pøepoètenı;200;Vıroba a rozvod elektøiny, plynu, tepla a klimatiz. vzduchu;0.54;39311;39522
2013;2014;2;pøepoètenı;200;Zdravotní a sociální péèe;1.99;24986;25483
2013;2014;2;pøepoètenı;200;"Veøejná správa a obrana; povinné sociální zabezpeèení";1.68;26725;27174
2013;2014;1;pøepoètenı;200;Ubytování, stravování a pohostinství;2.27;13276;13578
2013;2014;1;pøepoètenı;200;Penìnictví a pojišovnictví;10.22;47411;52257
2013;2014;4;pøepoètenı;200;"Velkoobchod a maloobchod; opravy a údrba motorovıch vozidel";2.76;24229;24898
2013;2014;4;pøepoètenı;200;Kulturní, zábavní a rekreaèní èinnosti;3.72;21940;22756
2013;2014;3;pøepoètenı;200;Administrativní a podpùrné èinnosti;0.31;16885;16938
2013;2014;3;pøepoètenı;200;Zpracovatelskı prùmysl;2.88;24389;25092
2013;2014;3;pøepoètenı;200;Èinnosti v oblasti nemovitostí;2.15;21514;21977
2013;2014;3;pøepoètenı;200;Zemìdìlství, lesnictví, rybáøství;3.14;20986;21644
2013;2014;2;pøepoètenı;200;Stavebnictví;2.10;22276;22743
2013;2014;2;pøepoètenı;200;Ostatní èinnosti;2.17;19792;20221
2013;2014;2;pøepoètenı;200;Doprava a skladování;2.04;23187;23660
2013;2014;1;pøepoètenı;200;Profesní, vìdecké a technické èinnosti;3.23;30836;31832
2013;2014;1;pøepoètenı;200;Tìba a dobıvání;2.70;28824;29603
2013;2014;4;pøepoètenı;200;Ubytování, stravování a pohostinství;1.43;14228;14431
2013;2014;4;pøepoètenı;200;Penìnictví a pojišovnictví;1.55;46262;46979
2013;2014;3;pøepoètenı;200;Vzdìlávání;0.41;24635;24736
2013;2014;3;pøepoètenı;200;"Zásobování vodou; èinnosti související s odpady a sanacemi";2.26;22724;23237
2013;2014;2;pøepoètenı;200;Informaèní a komunikaèní èinnosti;3.75;45122;46813
2013;2014;1;pøepoètenı;200;Vıroba a rozvod elektøiny, plynu, tepla a klimatiz. vzduchu;2.33;42016;42997
2013;2014;1;pøepoètenı;200;Zdravotní a sociální péèe;1.85;24110;24557
2013;2014;1;pøepoètenı;200;"Veøejná správa a obrana; povinné sociální zabezpeèení";2.72;25470;26163
2013;2014;4;pøepoètenı;200;Profesní, vìdecké a technické èinnosti;1.17;34219;34621
2013;2014;4;pøepoètenı;200;Tìba a dobıvání;-4.71;37157;35406
2013;2014;3;pøepoètenı;200;"Velkoobchod a maloobchod; opravy a údrba motorovıch vozidel";2.89;23011;23676
2013;2014;3;pøepoètenı;200;Kulturní, zábavní a rekreaèní èinnosti;3.86;20015;20788
2013;2014;2;pøepoètenı;200;Administrativní a podpùrné èinnosti;3.36;16658;17218
2013;2014;2;pøepoètenı;200;Zpracovatelskı prùmysl;3.37;24985;25826
2013;2014;2;pøepoètenı;200;Èinnosti v oblasti nemovitostí;2.59;22277;22853
2013;2014;2;pøepoètenı;200;Zemìdìlství, lesnictví, rybáøství;3.13;19753;20371
2013;2014;1;pøepoètenı;200;Stavebnictví;3.62;20778;21530
2013;2014;1;pøepoètenı;200;Ostatní èinnosti;3.48;19140;19806
2013;2014;1;pøepoètenı;200;Doprava a skladování;3.02;22506;23185
2013;2014;4;pøepoètenı;200;Vıroba a rozvod elektøiny, plynu, tepla a klimatiz. vzduchu;0.69;43321;43622
2013;2014;4;pøepoètenı;200;Zdravotní a sociální péèe;4.10;26244;27319
2013;2014;4;pøepoètenı;200;"Veøejná správa a obrana; povinné sociální zabezpeèení";4.82;28448;29818
2013;2014;3;pøepoètenı;200;Ubytování, stravování a pohostinství;1.09;13799;13950
2013;2014;3;pøepoètenı;200;Penìnictví a pojišovnictví;1.18;44530;45054
2013;2014;2;pøepoètenı;200;Vzdìlávání;1.34;24135;24459
2013;2014;2;pøepoètenı;200;"Zásobování vodou; èinnosti související s odpady a sanacemi";2.23;23591;24116
2013;2014;1;pøepoètenı;200;Informaèní a komunikaèní èinnosti;5.61;46096;48684
2013;2014;4;pøepoètenı;200;Stavebnictví;1.79;23910;24337
2013;2014;4;pøepoètenı;200;Ostatní èinnosti;2.23;20716;21177
2013;2014;4;pøepoètenı;200;Doprava a skladování;2.11;24440;24955
2013;2014;3;pøepoètenı;200;Profesní, vìdecké a technické èinnosti;2.12;30789;31443
2013;2014;3;pøepoètenı;200;Tìba a dobıvání;-1.91;29925;29354
2013;2014;2;pøepoètenı;200;"Velkoobchod a maloobchod; opravy a údrba motorovıch vozidel";4.18;22807;23760
2013;2014;2;pøepoètenı;200;Kulturní, zábavní a rekreaèní èinnosti;3.67;20445;21196
2013;2014;1;pøepoètenı;200;Administrativní a podpùrné èinnosti;5.72;16236;17164
2013;2014;1;pøepoètenı;200;Zpracovatelskı prùmysl;4.79;23630;24763
2013;2014;1;pøepoètenı;200;Èinnosti v oblasti nemovitostí;4.80;21906;22957
2013;2014;1;pøepoètenı;200;Zemìdìlství, lesnictví, rybáøství;5.13;18052;18978
2013;2014;4;pøepoètenı;200;Informaèní a komunikaèní èinnosti;2.06;47761;48744
2013;2014;3;pøepoètenı;200;Vıroba a rozvod elektøiny, plynu, tepla a klimatiz. vzduchu;-0.43;38399;38234
2013;2014;3;pøepoètenı;200;Zdravotní a sociální péèe;2.08;25183;25707
2013;2014;3;pøepoètenı;200;"Veøejná správa a obrana; povinné sociální zabezpeèení";3.03;26335;27132
2014;2015;2;pøepoètenı;200;Profesní, vìdecké a technické èinnosti;4.20;32312;33669
2014;2015;2;pøepoètenı;200;Tìba a dobıvání;0.06;30844;30863
2014;2015;1;pøepoètenı;200;"Velkoobchod a maloobchod; opravy a údrba motorovıch vozidel";3.11;23249;23971
2014;2015;1;pøepoètenı;200;Kulturní, zábavní a rekreaèní èinnosti;3.10;20468;21103
2014;2015;4;pøepoètenı;200;Zpracovatelskı prùmysl;3.23;27125;28000
2014;2015;4;pøepoètenı;200;Vzdìlávání;0.88;28704;28957
2014;2015;4;pøepoètenı;200;"Zásobování vodou; èinnosti související s odpady a sanacemi";2.99;26864;27666
2014;2015;3;pøepoètenı;200;Informaèní a komunikaèní èinnosti;2.62;47239;48476
2014;2015;2;pøepoètenı;200;Vıroba a rozvod elektøiny, plynu, tepla a klimatiz. vzduchu;-2.42;39522;38566
2014;2015;2;pøepoètenı;200;"Veøejná správa a obrana; povinné sociální zabezpeèení";5.63;27174;28703
2014;2015;1;pøepoètenı;200;Penìnictví a pojišovnictví;-1.69;52257;51376
2014;2015;1;pøepoètenı;200;Ubytování, stravování a pohostinství;4.64;13578;14208
2014;2015;4;pøepoètenı;200;"Velkoobchod a maloobchod; opravy a údrba motorovıch vozidel";5.79;24898;26340
2014;2015;4;pøepoètenı;200;Kulturní, zábavní a rekreaèní èinnosti;4.15;22756;23700
2014;2015;3;pøepoètenı;200;Zemìdìlství, lesnictví, rybáøství;2.28;21644;22138
2014;2015;3;pøepoètenı;200;Administrativní a podpùrné èinnosti;3.99;16938;17613
2014;2015;3;pøepoètenı;200;Èinnosti v oblasti nemovitostí;3.62;21977;22773
2014;2015;2;pøepoètenı;200;Zdravotní a sociální péèe;4.87;25483;26723
2014;2015;2;pøepoètenı;200;Stavebnictví;4.52;22743;23771
2014;2015;2;pøepoètenı;200;Ostatní èinnosti;2.15;20221;20655
2014;2015;2;pøepoètenı;200;Doprava a skladování;2.68;23660;24293
2014;2015;1;pøepoètenı;200;Profesní, vìdecké a technické èinnosti;4.48;31832;33258
2014;2015;1;pøepoètenı;200;Tìba a dobıvání;0.27;29603;29682
2014;2015;4;pøepoètenı;200;Penìnictví a pojišovnictví;2.14;46979;47984
2014;2015;4;pøepoètenı;200;Ubytování, stravování a pohostinství;7.12;14431;15458
2014;2015;3;pøepoètenı;200;Zpracovatelskı prùmysl;3.26;25092;25911
2014;2015;3;pøepoètenı;200;Vzdìlávání;1.84;24736;25191
2014;2015;3;pøepoètenı;200;"Zásobování vodou; èinnosti související s odpady a sanacemi";2.46;23237;23809
2014;2015;2;pøepoètenı;200;Informaèní a komunikaèní èinnosti;1.83;46813;47668
2014;2015;1;pøepoètenı;200;Vıroba a rozvod elektøiny, plynu, tepla a klimatiz. vzduchu;-1.81;42997;42220
2014;2015;1;pøepoètenı;200;"Veøejná správa a obrana; povinné sociální zabezpeèení";3.16;26163;26990
2014;2015;4;pøepoètenı;200;Profesní, vìdecké a technické èinnosti;3.44;34621;35812
2014;2015;4;pøepoètenı;200;Tìba a dobıvání;2.84;35406;36412
2014;2015;3;pøepoètenı;200;"Velkoobchod a maloobchod; opravy a údrba motorovıch vozidel";3.95;23676;24611
2014;2015;3;pøepoètenı;200;Kulturní, zábavní a rekreaèní èinnosti;3.86;20788;21591
2014;2015;2;pøepoètenı;200;Zemìdìlství, lesnictví, rybáøství;2.43;20371;20865
2014;2015;2;pøepoètenı;200;Administrativní a podpùrné èinnosti;1.09;17218;17406
2014;2015;2;pøepoètenı;200;Zpracovatelskı prùmysl;3.08;25826;26622
2014;2015;2;pøepoètenı;200;Èinnosti v oblasti nemovitostí;2.62;22853;23452
2014;2015;1;pøepoètenı;200;Zdravotní a sociální péèe;4.17;24557;25581
2014;2015;1;pøepoètenı;200;Stavebnictví;2.52;21530;22073
2014;2015;1;pøepoètenı;200;Ostatní èinnosti;1.80;19806;20163
2014;2015;1;pøepoètenı;200;Doprava a skladování;1.67;23185;23572
2014;2015;4;pøepoètenı;200;Vıroba a rozvod elektøiny, plynu, tepla a klimatiz. vzduchu;-0.59;43622;43364
2014;2015;4;pøepoètenı;200;"Veøejná správa a obrana; povinné sociální zabezpeèení";5.59;29818;31485
2014;2015;3;pøepoètenı;200;Penìnictví a pojišovnictví;1.74;45054;45838
2014;2015;3;pøepoètenı;200;Ubytování, stravování a pohostinství;7.28;13950;14965
2014;2015;2;pøepoètenı;200;Vzdìlávání;2.40;24459;25046
2014;2015;2;pøepoètenı;200;"Zásobování vodou; èinnosti související s odpady a sanacemi";1.72;24116;24530
2014;2015;1;pøepoètenı;200;Informaèní a komunikaèní èinnosti;2.73;48684;50014
2014;2015;4;pøepoètenı;200;Zdravotní a sociální péèe;4.31;27319;28496
2014;2015;4;pøepoètenı;200;Stavebnictví;5.54;24337;25686
2014;2015;4;pøepoètenı;200;Ostatní èinnosti;3.45;21177;21907
2014;2015;4;pøepoètenı;200;Doprava a skladování;4.76;24955;26144
2014;2015;3;pøepoètenı;200;Profesní, vìdecké a technické èinnosti;4.27;31443;32786
2014;2015;3;pøepoètenı;200;Tìba a dobıvání;3.14;29354;30277
2014;2015;2;pøepoètenı;200;"Velkoobchod a maloobchod; opravy a údrba motorovıch vozidel";3.91;23760;24690
2014;2015;2;pøepoètenı;200;Kulturní, zábavní a rekreaèní èinnosti;2.82;21196;21793
2014;2015;1;pøepoètenı;200;Zemìdìlství, lesnictví, rybáøství;2.21;18978;19397
2014;2015;1;pøepoètenı;200;Administrativní a podpùrné èinnosti;-0.20;17164;17130
2014;2015;1;pøepoètenı;200;Zpracovatelskı prùmysl;1.97;24763;25252
2014;2015;1;pøepoètenı;200;Èinnosti v oblasti nemovitostí;2.71;22957;23579
2014;2015;4;pøepoètenı;200;Informaèní a komunikaèní èinnosti;2.28;48744;49857
2014;2015;3;pøepoètenı;200;Vıroba a rozvod elektøiny, plynu, tepla a klimatiz. vzduchu;-1.50;38234;37660
2014;2015;3;pøepoètenı;200;"Veøejná správa a obrana; povinné sociální zabezpeèení";4.15;27132;28257
2014;2015;2;pøepoètenı;200;Penìnictví a pojišovnictví;1.98;48750;49714
2014;2015;2;pøepoètenı;200;Ubytování, stravování a pohostinství;5.89;13915;14735
2014;2015;1;pøepoètenı;200;Vzdìlávání;2.45;23119;23685
2014;2015;1;pøepoètenı;200;"Zásobování vodou; èinnosti související s odpady a sanacemi";1.23;22757;23037
2014;2015;4;pøepoètenı;200;Zemìdìlství, lesnictví, rybáøství;-0.11;24201;24174
2014;2015;4;pøepoètenı;200;Administrativní a podpùrné èinnosti;3.71;17483;18132
2014;2015;4;pøepoètenı;200;Èinnosti v oblasti nemovitostí;5.05;23265;24439
2014;2015;3;pøepoètenı;200;Zdravotní a sociální péèe;5.23;25707;27052
2014;2015;3;pøepoètenı;200;Stavebnictví;4.71;23179;24271
2014;2015;3;pøepoètenı;200;Ostatní èinnosti;2.62;19955;20478
2014;2015;3;pøepoètenı;200;Doprava a skladování;3.69;23696;24571
2015;2016;2;pøepoètenı;200;Vıroba a rozvod elektøiny, plynu, tepla a klimatiz. vzduchu;3.67;38566;39982
2015;2016;2;pøepoètenı;200;"Veøejná správa a obrana; povinné sociální zabezpeèení";4.77;28703;30073
2015;2016;1;pøepoètenı;200;Penìnictví a pojišovnictví;0.85;51376;51811
2015;2016;1;pøepoètenı;200;Ubytování, stravování a pohostinství;6.73;14208;15164
2015;2016;4;pøepoètenı;200;"Velkoobchod a maloobchod; opravy a údrba motorovıch vozidel";4.50;26340;27524
2015;2016;4;pøepoètenı;200;Kulturní, zábavní a rekreaèní èinnosti;6.66;23700;25279
2015;2016;3;pøepoètenı;200;Zemìdìlství, lesnictví, rybáøství;4.69;22138;23177
2015;2016;3;pøepoètenı;200;Administrativní a podpùrné èinnosti;5.14;17613;18519
2015;2016;3;pøepoètenı;200;Èinnosti v oblasti nemovitostí;5.37;22773;23995
2015;2016;2;pøepoètenı;200;Zdravotní a sociální péèe;3.93;26723;27773
2015;2016;2;pøepoètenı;200;Stavebnictví;4.21;23771;24772
2015;2016;2;pøepoètenı;200;Ostatní èinnosti;3.71;20655;21422
2015;2016;2;pøepoètenı;200;Doprava a skladování;4.29;24293;25334
2015;2016;1;pøepoètenı;200;Profesní, vìdecké a technické èinnosti;3.40;33258;34390
2015;2016;1;pøepoètenı;200;Tìba a dobıvání;2.68;29682;30478
2015;2016;4;pøepoètenı;200;Penìnictví a pojišovnictví;0.39;47984;48170
2015;2016;4;pøepoètenı;200;Ubytování, stravování a pohostinství;5.79;15458;16353
2015;2016;3;pøepoètenı;200;Zpracovatelskı prùmysl;4.94;25911;27191
2015;2016;3;pøepoètenı;200;Vzdìlávání;3.58;25191;26092
2015;2016;3;pøepoètenı;200;"Zásobování vodou; èinnosti související s odpady a sanacemi";3.69;23809;24687
2015;2016;2;pøepoètenı;200;Informaèní a komunikaèní èinnosti;2.30;47668;48764
2015;2016;1;pøepoètenı;200;Vıroba a rozvod elektøiny, plynu, tepla a klimatiz. vzduchu;1.35;42220;42789
2015;2016;1;pøepoètenı;200;"Veøejná správa a obrana; povinné sociální zabezpeèení";5.74;26990;28540
2015;2016;4;pøepoètenı;200;Profesní, vìdecké a technické èinnosti;2.62;35812;36749
2015;2016;4;pøepoètenı;200;Tìba a dobıvání;-4.86;36412;34642
2015;2016;3;pøepoètenı;200;"Velkoobchod a maloobchod; opravy a údrba motorovıch vozidel";5.00;24611;25841
2015;2016;3;pøepoètenı;200;Kulturní, zábavní a rekreaèní èinnosti;6.50;21591;22995
2015;2016;2;pøepoètenı;200;Zemìdìlství, lesnictví, rybáøství;3.98;20865;21696
2015;2016;2;pøepoètenı;200;Administrativní a podpùrné èinnosti;4.85;17406;18250
2015;2016;2;pøepoètenı;200;Èinnosti v oblasti nemovitostí;3.49;23452;24271
2015;2016;1;pøepoètenı;200;Zdravotní a sociální péèe;5.53;25581;26996
2015;2016;1;pøepoètenı;200;Stavebnictví;4.98;22073;23172
2015;2016;1;pøepoètenı;200;Ostatní èinnosti;1.43;20163;20452
2015;2016;1;pøepoètenı;200;Doprava a skladování;5.43;23572;24852
2015;2016;4;pøepoètenı;200;Vıroba a rozvod elektøiny, plynu, tepla a klimatiz. vzduchu;2.08;43364;44267
2015;2016;4;pøepoètenı;200;"Veøejná správa a obrana; povinné sociální zabezpeèení";6.33;31485;33478
2015;2016;3;pøepoètenı;200;Penìnictví a pojišovnictví;3.40;45838;47397
2015;2016;3;pøepoètenı;200;Ubytování, stravování a pohostinství;5.55;14965;15796
2015;2016;2;pøepoètenı;200;Zpracovatelskı prùmysl;4.21;26622;27742
2015;2016;2;pøepoètenı;200;Vzdìlávání;2.08;25046;25568
2015;2016;2;pøepoètenı;200;"Zásobování vodou; èinnosti související s odpady a sanacemi";1.85;24530;24983
2015;2016;1;pøepoètenı;200;Informaèní a komunikaèní èinnosti;2.89;50014;51457
2015;2016;4;pøepoètenı;200;Doprava a skladování;4.15;26144;27228
2015;2016;4;pøepoètenı;200;Zdravotní a sociální péèe;5.11;28496;29953
2015;2016;4;pøepoètenı;200;Stavebnictví;2.58;25686;26349
2015;2016;4;pøepoètenı;200;Ostatní èinnosti;3.66;21907;22709
2015;2016;3;pøepoètenı;200;Profesní, vìdecké a technické èinnosti;3.52;32786;33941
2015;2016;3;pøepoètenı;200;Tìba a dobıvání;-0.26;30277;30197
2015;2016;2;pøepoètenı;200;"Velkoobchod a maloobchod; opravy a údrba motorovıch vozidel";3.96;24690;25667
2015;2016;2;pøepoètenı;200;Kulturní, zábavní a rekreaèní èinnosti;6.54;21793;23218
2015;2016;1;pøepoètenı;200;Zemìdìlství, lesnictví, rybáøství;4.95;19397;20358
2015;2016;1;pøepoètenı;200;Administrativní a podpùrné èinnosti;6.90;17130;18312
2015;2016;1;pøepoètenı;200;Èinnosti v oblasti nemovitostí;3.21;23579;24335
2015;2016;4;pøepoètenı;200;Informaèní a komunikaèní èinnosti;1.30;49857;50507
2015;2016;3;pøepoètenı;200;Vıroba a rozvod elektøiny, plynu, tepla a klimatiz. vzduchu;2.73;37660;38690
2015;2016;3;pøepoètenı;200;"Veøejná správa a obrana; povinné sociální zabezpeèení";5.55;28257;29824
2015;2016;2;pøepoètenı;200;Penìnictví a pojišovnictví;6.69;49714;53038
2015;2016;2;pøepoètenı;200;Ubytování, stravování a pohostinství;5.02;14735;15475
2015;2016;1;pøepoètenı;200;Zpracovatelskı prùmysl;4.96;25252;26505
2015;2016;1;pøepoètenı;200;Vzdìlávání;1.90;23685;24134
2015;2016;1;pøepoètenı;200;"Zásobování vodou; èinnosti související s odpady a sanacemi";4.61;23037;24098
2015;2016;4;pøepoètenı;200;Zemìdìlství, lesnictví, rybáøství;4.45;24174;25250
2015;2016;4;pøepoètenı;200;Administrativní a podpùrné èinnosti;6.07;18132;19233
2015;2016;4;pøepoètenı;200;Èinnosti v oblasti nemovitostí;4.27;24439;25482
2015;2016;3;pøepoètenı;200;Doprava a skladování;5.18;24571;25845
2015;2016;3;pøepoètenı;200;Zdravotní a sociální péèe;4.99;27052;28403
2015;2016;3;pøepoètenı;200;Stavebnictví;4.67;24271;25404
2015;2016;3;pøepoètenı;200;Ostatní èinnosti;3.77;20478;21250
2015;2016;2;pøepoètenı;200;Profesní, vìdecké a technické èinnosti;1.94;33669;34323
2015;2016;2;pøepoètenı;200;Tìba a dobıvání;1.05;30863;31188
2015;2016;1;pøepoètenı;200;"Velkoobchod a maloobchod; opravy a údrba motorovıch vozidel";5.64;23971;25324
2015;2016;1;pøepoètenı;200;Kulturní, zábavní a rekreaèní èinnosti;7.06;21103;22593
2015;2016;4;pøepoètenı;200;Zpracovatelskı prùmysl;4.45;28000;29246
2015;2016;4;pøepoètenı;200;Vzdìlávání;6.91;28957;30958
2015;2016;4;pøepoètenı;200;"Zásobování vodou; èinnosti související s odpady a sanacemi";0.36;27666;27765
2015;2016;3;pøepoètenı;200;Informaèní a komunikaèní èinnosti;2.85;48476;49859
2016;2017;4;pøepoètenı;200;Doprava a skladování;6.18;27228;28910
2016;2017;2;pøepoètenı;200;Zdravotní a sociální péèe;8.97;27773;30264
2016;2017;2;pøepoètenı;200;Stavebnictví;4.72;24772;25941
2016;2017;4;pøepoètenı;200;Ostatní èinnosti;5.82;22709;24031
2016;2017;4;pøepoètenı;200;Profesní, vìdecké a technické èinnosti;6.82;36749;39256
2016;2017;1;pøepoètenı;200;Tìba a dobıvání;-0.93;30478;30194
2016;2017;4;pøepoètenı;200;Penìnictví a pojišovnictví;5.17;48170;50661
2016;2017;1;pøepoètenı;200;Ubytování, stravování a pohostinství;10.70;15164;16786
2016;2017;4;pøepoètenı;200;Administrativní a podpùrné èinnosti;5.42;19233;20275
2016;2017;1;pøepoètenı;200;Zpracovatelskı prùmysl;5.34;26505;27920
2016;2017;3;pøepoètenı;200;Vzdìlávání;5.11;26092;27424
2016;2017;2;pøepoètenı;200;"Zásobování vodou; èinnosti související s odpady a sanacemi";7.51;24983;26859
2016;2017;4;pøepoètenı;200;Informaèní a komunikaèní èinnosti;6.24;50507;53661
2016;2017;4;pøepoètenı;200;Vıroba a rozvod elektøiny, plynu, tepla a klimatiz. vzduchu;5.79;44267;46829
2016;2017;2;pøepoètenı;200;"Veøejná správa a obrana; povinné sociální zabezpeèení";7.69;30073;32387
2016;2017;1;pøepoètenı;200;Profesní, vìdecké a technické èinnosti;5.49;34390;36278
2016;2017;2;pøepoètenı;200;Tìba a dobıvání;6.77;31188;33298
2016;2017;3;pøepoètenı;200;Kulturní, zábavní a rekreaèní èinnosti;8.62;22995;24977
2016;2017;3;pøepoètenı;200;"Velkoobchod a maloobchod; opravy a údrba motorovıch vozidel";7.69;25841;27829
2016;2017;3;pøepoètenı;200;Zemìdìlství, lesnictví, rybáøství;4.59;23177;24241
2016;2017;2;pøepoètenı;200;Administrativní a podpùrné èinnosti;6.62;18250;19459
2016;2017;1;pøepoètenı;200;Èinnosti v oblasti nemovitostí;4.46;24335;25420
2016;2017;2;pøepoètenı;200;Doprava a skladování;7.03;25334;27115
2016;2017;3;pøepoètenı;200;Zdravotní a sociální péèe;10.19;28403;31296
2016;2017;3;pøepoètenı;200;Stavebnictví;3.07;25404;26184
2016;2017;2;pøepoètenı;200;Ostatní èinnosti;4.01;21422;22281
2016;2017;1;pøepoètenı;200;Vıroba a rozvod elektøiny, plynu, tepla a klimatiz. vzduchu;3.81;42789;44421
2016;2017;3;pøepoètenı;200;"Veøejná správa a obrana; povinné sociální zabezpeèení";8.45;29824;32344
2016;2017;2;pøepoètenı;200;Penìnictví a pojišovnictví;3.82;53038;55066
2016;2017;4;pøepoètenı;200;Ubytování, stravování a pohostinství;10.78;16353;18116
2016;2017;3;pøepoètenı;200;Zpracovatelskı prùmysl;6.95;27191;29082
2016;2017;2;pøepoètenı;200;Vzdìlávání;5.16;25568;26887
2016;2017;1;pøepoètenı;200;"Zásobování vodou; èinnosti související s odpady a sanacemi";4.19;24098;25107
2016;2017;2;pøepoètenı;200;Informaèní a komunikaèní èinnosti;6.22;48764;51797
2016;2017;1;pøepoètenı;200;Doprava a skladování;3.75;24852;25785
2016;2017;1;pøepoètenı;200;Zdravotní a sociální péèe;6.46;26996;28741
2016;2017;1;pøepoètenı;200;Stavebnictví;3.25;23172;23925
2016;2017;1;pøepoètenı;200;Ostatní èinnosti;3.75;20452;21218
2016;2017;2;pøepoètenı;200;Profesní, vìdecké a technické èinnosti;5.43;34323;36186
2016;2017;4;pøepoètenı;200;Tìba a dobıvání;12.29;34642;38901
2016;2017;4;pøepoètenı;200;Kulturní, zábavní a rekreaèní èinnosti;13.34;25279;28651
2016;2017;1;pøepoètenı;200;"Velkoobchod a maloobchod; opravy a údrba motorovıch vozidel";5.62;25324;26748
2016;2017;4;pøepoètenı;200;Zemìdìlství, lesnictví, rybáøství;6.08;25250;26784
2016;2017;1;pøepoètenı;200;Administrativní a podpùrné èinnosti;3.09;18312;18877
2016;2017;4;pøepoètenı;200;Èinnosti v oblasti nemovitostí;8.77;25482;27716
2016;2017;3;pøepoètenı;200;Informaèní a komunikaèní èinnosti;3.94;49859;51825
2016;2017;2;pøepoètenı;200;Vıroba a rozvod elektøiny, plynu, tepla a klimatiz. vzduchu;5.33;39982;42114
2016;2017;4;pøepoètenı;200;"Veøejná správa a obrana; povinné sociální zabezpeèení";10.53;33478;37004
2016;2017;1;pøepoètenı;200;Penìnictví a pojišovnictví;3.42;51811;53582
2016;2017;2;pøepoètenı;200;Ubytování, stravování a pohostinství;12.63;15475;17429
2016;2017;2;pøepoètenı;200;Zpracovatelskı prùmysl;8.18;27742;30012
2016;2017;1;pøepoètenı;200;Vzdìlávání;4.65;24134;25256
2016;2017;4;pøepoètenı;200;"Zásobování vodou; èinnosti související s odpady a sanacemi";7.39;27765;29817
2016;2017;1;pøepoètenı;200;Zemìdìlství, lesnictví, rybáøství;3.62;20358;21095
2016;2017;3;pøepoètenı;200;Èinnosti v oblasti nemovitostí;4.63;23995;25106
2016;2017;3;pøepoètenı;200;Doprava a skladování;7.93;25845;27894
2016;2017;4;pøepoètenı;200;Zdravotní a sociální péèe;11.44;29953;33379
2016;2017;4;pøepoètenı;200;Stavebnictví;5.60;26349;27825
2016;2017;3;pøepoètenı;200;Ostatní èinnosti;3.94;21250;22087
2016;2017;3;pøepoètenı;200;Profesní, vìdecké a technické èinnosti;5.11;33941;35675
2016;2017;3;pøepoètenı;200;Tìba a dobıvání;5.21;30197;31769
2016;2017;2;pøepoètenı;200;Kulturní, zábavní a rekreaèní èinnosti;7.48;23218;24954
2016;2017;2;pøepoètenı;200;"Velkoobchod a maloobchod; opravy a údrba motorovıch vozidel";7.93;25667;27702
2016;2017;3;pøepoètenı;200;Administrativní a podpùrné èinnosti;6.17;18519;19662
2016;2017;4;pøepoètenı;200;Zpracovatelskı prùmysl;7.00;29246;31292
2016;2017;4;pøepoètenı;200;Vzdìlávání;9.20;30958;33806
2016;2017;3;pøepoètenı;200;"Zásobování vodou; èinnosti související s odpady a sanacemi";5.07;24687;25938
2016;2017;1;pøepoètenı;200;Informaèní a komunikaèní èinnosti;4.88;51457;53967
2016;2017;3;pøepoètenı;200;Vıroba a rozvod elektøiny, plynu, tepla a klimatiz. vzduchu;5.96;38690;40996
2016;2017;1;pøepoètenı;200;"Veøejná správa a obrana; povinné sociální zabezpeèení";5.50;28540;30110
2016;2017;3;pøepoètenı;200;Penìnictví a pojišovnictví;3.22;47397;48925
2016;2017;3;pøepoètenı;200;Ubytování, stravování a pohostinství;11.17;15796;17560
2016;2017;1;pøepoètenı;200;Kulturní, zábavní a rekreaèní èinnosti;3.98;22593;23492
2016;2017;4;pøepoètenı;200;"Velkoobchod a maloobchod; opravy a údrba motorovıch vozidel";8.39;27524;29834
2016;2017;2;pøepoètenı;200;Zemìdìlství, lesnictví, rybáøství;6.44;21696;23094
2016;2017;2;pøepoètenı;200;Èinnosti v oblasti nemovitostí;6.60;24271;25873
