"category_code";"category_name";"price";"price_year_prev";"price_year";"price_quarter";"price_growth";"price_growth_unit";"czechia_price_value_prev";"czechia_price_value"
117106;Mrkev; Kè / 1 kg;2006;2007;2;-13.77;%;18.3;15.78
114401;Jogurt bílý netuèný; Kè / 150 g;2006;2007;1;0.17;%;5.84;5.85
116103;Banány žluté; Kè / 1 kg;2006;2007;1;31.36;%;24.71;32.46
118101;Cukr krystalový; Kè / 1 kg;2006;2007;2;3.62;%;21.27;22.04
114701;Vejce slepièí èerstvá; Kè / 10 ks;2006;2007;1;-0.29;%;23.85;23.78
117101;Rajská jablka èervená kulatá; Kè / 1 kg;2006;2007;1;-28.25;%;62.37;44.75
213201;Pivo výèepní, svìtlé, lahvové; Kè / 0,5 l;2006;2007;2;-0.12;%;8.5;8.49
115201;Rostlinný roztíratelný tuk; Kè / 1 kg;2006;2007;1;-2.1;%;70.49;69.01
111602;Tìstoviny vajeèné; Kè / 1 kg;2006;2007;2;0.0;%;26.09;26.09
111101;Rýže loupaná dlouhozrnná; Kè / 1 kg;2006;2007;2;12.52;%;21.09;23.73
112201;Vepøová peèenì s kostí; Kè / 1 kg;2006;2007;2;-1.94;%;102.27;100.29
111301;Chléb konzumní kmínový; Kè / 1 kg;2006;2007;2;18.46;%;15.44;18.29
112704;Šunkový salám; Kè / 1 kg;2006;2007;2;0.73;%;116.11;116.96
117106;Mrkev; Kè / 1 kg;2006;2007;1;0.07;%;14.49;14.5
116101;Pomeranèe; Kè / 1 kg;2006;2007;4;31.29;%;23.11;30.34
114501;Eidamská cihla; Kè / 1 kg;2006;2007;4;35.74;%;109.65;148.84
118101;Cukr krystalový; Kè / 1 kg;2006;2007;1;5.15;%;21.17;22.26
116104;Jablka konzumní; Kè / 1 kg;2006;2007;4;4.16;%;27.9;29.06
115101;Máslo; Kè / 1 kg;2006;2007;4;41.94;%;102.52;145.52
117103;Papriky; Kè / 1 kg;2006;2007;4;104.78;%;32.24;66.02
213201;Pivo výèepní, svìtlé, lahvové; Kè / 0,5 l;2006;2007;1;-1.76;%;8.52;8.37
111602;Tìstoviny vajeèné; Kè / 1 kg;2006;2007;1;-1.07;%;26.27;25.99
111101;Rýže loupaná dlouhozrnná; Kè / 1 kg;2006;2007;1;9.96;%;21.29;23.41
112201;Vepøová peèenì s kostí; Kè / 1 kg;2006;2007;1;-0.99;%;104.39;103.36
111301;Chléb konzumní kmínový; Kè / 1 kg;2006;2007;1;17.16;%;14.74;17.27
112704;Šunkový salám; Kè / 1 kg;2006;2007;1;1.56;%;115.34;117.14
116101;Pomeranèe; Kè / 1 kg;2006;2007;3;25.47;%;30.15;37.83
117401;Konzumní brambory; Kè / 1 kg;2006;2007;4;-31.3;%;13.93;9.57
114501;Eidamská cihla; Kè / 1 kg;2006;2007;3;8.73;%;110.34;119.97
116104;Jablka konzumní; Kè / 1 kg;2006;2007;3;29.16;%;25.96;33.53
122102;Pøírodní minerální voda uhlièitá; Kè / 1 l;2006;2007;4;1.31;%;7.61;7.71
115101;Máslo; Kè / 1 kg;2006;2007;3;8.71;%;102.5;111.43
117103;Papriky; Kè / 1 kg;2006;2007;3;60.38;%;33.39;53.55
114201;Mléko polotuèné pasterované; Kè / 1 l;2006;2007;4;20.17;%;14.53;17.46
112101;Hovìzí maso zadní bez kosti; Kè / 1 kg;2006;2007;4;0.64;%;168.99;170.07
111201;Pšenièná mouka hladká; Kè / 1 kg;2006;2007;4;43.36;%;7.45;10.68
112401;Kuøata kuchaná celá; Kè / 1 kg;2006;2007;4;34.34;%;45.58;61.23
111303;Peèivo pšenièné bílé; Kè / 1 kg;2006;2007;4;16.8;%;42.57;49.72
116101;Pomeranèe; Kè / 1 kg;2006;2007;2;15.13;%;24.79;28.54
117401;Konzumní brambory; Kè / 1 kg;2006;2007;3;-0.58;%;12.06;11.99
114501;Eidamská cihla; Kè / 1 kg;2006;2007;2;0.52;%;110.66;111.24
116104;Jablka konzumní; Kè / 1 kg;2006;2007;2;-17.26;%;33.31;27.56
122102;Pøírodní minerální voda uhlièitá; Kè / 1 l;2006;2007;3;2.08;%;7.71;7.87
115101;Máslo; Kè / 1 kg;2006;2007;2;-1.94;%;105.66;103.61
117103;Papriky; Kè / 1 kg;2006;2007;2;104.64;%;39.26;80.34
114201;Mléko polotuèné pasterované; Kè / 1 l;2006;2007;3;5.9;%;14.57;15.43
112101;Hovìzí maso zadní bez kosti; Kè / 1 kg;2006;2007;3;1.41;%;167.4;169.76
111201;Pšenièná mouka hladká; Kè / 1 kg;2006;2007;3;17.93;%;7.53;8.88
112401;Kuøata kuchaná celá; Kè / 1 kg;2006;2007;3;25.0;%;46.68;58.35
111303;Peèivo pšenièné bílé; Kè / 1 kg;2006;2007;3;-1.15;%;42.61;42.12
116101;Pomeranèe; Kè / 1 kg;2006;2007;1;19.26;%;21.18;25.26
117401;Konzumní brambory; Kè / 1 kg;2006;2007;2;27.37;%;13.92;17.73
114501;Eidamská cihla; Kè / 1 kg;2006;2007;1;-1.42;%;112.99;111.38
116104;Jablka konzumní; Kè / 1 kg;2006;2007;1;-30.08;%;35.11;24.55
122102;Pøírodní minerální voda uhlièitá; Kè / 1 l;2006;2007;2;-1.3;%;7.68;7.58
115101;Máslo; Kè / 1 kg;2006;2007;1;-3.12;%;106.58;103.26
117103;Papriky; Kè / 1 kg;2006;2007;1;104.56;%;35.97;73.58
2000001;Kapr živý; Kè / 1 kg;2006;2007;4;13.89;%;69.35;78.98
114201;Mléko polotuèné pasterované; Kè / 1 l;2006;2007;2;3.95;%;14.43;15.0
112101;Hovìzí maso zadní bez kosti; Kè / 1 kg;2006;2007;2;1.89;%;166.06;169.2
111201;Pšenièná mouka hladká; Kè / 1 kg;2006;2007;2;15.88;%;7.43;8.61
112401;Kuøata kuchaná celá; Kè / 1 kg;2006;2007;2;6.13;%;47.13;50.02
111303;Peèivo pšenièné bílé; Kè / 1 kg;2006;2007;2;19.04;%;35.87;42.7
114401;Jogurt bílý netuèný; Kè / 150 g;2006;2007;4;3.08;%;5.84;6.02
117401;Konzumní brambory; Kè / 1 kg;2006;2007;1;96.13;%;8.53;16.73
116103;Banány žluté; Kè / 1 kg;2006;2007;4;-0.96;%;30.23;29.94
114701;Vejce slepièí èerstvá; Kè / 10 ks;2006;2007;4;22.09;%;23.86;29.13
122102;Pøírodní minerální voda uhlièitá; Kè / 1 l;2006;2007;1;0.0;%;7.75;7.75
117101;Rajská jablka èervená kulatá; Kè / 1 kg;2006;2007;4;-6.66;%;47.18;44.04
115201;Rostlinný roztíratelný tuk; Kè / 1 kg;2006;2007;4;5.8;%;68.64;72.62
114201;Mléko polotuèné pasterované; Kè / 1 l;2006;2007;1;2.18;%;14.24;14.55
112101;Hovìzí maso zadní bez kosti; Kè / 1 kg;2006;2007;1;3.49;%;163.19;168.88
111201;Pšenièná mouka hladká; Kè / 1 kg;2006;2007;1;13.55;%;7.23;8.21
112401;Kuøata kuchaná celá; Kè / 1 kg;2006;2007;1;-8.77;%;50.3;45.89
111303;Peèivo pšenièné bílé; Kè / 1 kg;2006;2007;1;22.7;%;33.96;41.67
117106;Mrkev; Kè / 1 kg;2006;2007;4;8.97;%;11.37;12.39
114401;Jogurt bílý netuèný; Kè / 150 g;2006;2007;3;-1.87;%;5.89;5.78
116103;Banány žluté; Kè / 1 kg;2006;2007;3;-1.76;%;28.98;28.47
118101;Cukr krystalový; Kè / 1 kg;2006;2007;4;-3.45;%;22.29;21.52
114701;Vejce slepièí èerstvá; Kè / 10 ks;2006;2007;3;2.01;%;22.9;23.36
117101;Rajská jablka èervená kulatá; Kè / 1 kg;2006;2007;3;-39.28;%;51.38;31.2
213201;Pivo výèepní, svìtlé, lahvové; Kè / 0,5 l;2006;2007;4;3.1;%;8.39;8.65
115201;Rostlinný roztíratelný tuk; Kè / 1 kg;2006;2007;3;-1.7;%;68.95;67.78
111602;Tìstoviny vajeèné; Kè / 1 kg;2006;2007;4;10.62;%;25.98;28.74
111101;Rýže loupaná dlouhozrnná; Kè / 1 kg;2006;2007;4;12.69;%;21.67;24.42
112201;Vepøová peèenì s kostí; Kè / 1 kg;2006;2007;4;-3.1;%;107.44;104.11
111301;Chléb konzumní kmínový; Kè / 1 kg;2006;2007;4;22.24;%;17.27;21.11
112704;Šunkový salám; Kè / 1 kg;2006;2007;4;-2.55;%;117.83;114.82
117106;Mrkev; Kè / 1 kg;2006;2007;3;6.38;%;13.16;14.0
114401;Jogurt bílý netuèný; Kè / 150 g;2006;2007;2;1.91;%;5.75;5.86
116103;Banány žluté; Kè / 1 kg;2006;2007;2;25.5;%;25.65;32.19
118101;Cukr krystalový; Kè / 1 kg;2006;2007;3;-2.02;%;22.27;21.82
114701;Vejce slepièí èerstvá; Kè / 10 ks;2006;2007;2;1.03;%;23.34;23.58
117101;Rajská jablka èervená kulatá; Kè / 1 kg;2006;2007;2;-41.86;%;69.07;40.16
213201;Pivo výèepní, svìtlé, lahvové; Kè / 0,5 l;2006;2007;3;2.03;%;8.37;8.54
115201;Rostlinný roztíratelný tuk; Kè / 1 kg;2006;2007;2;-1.62;%;69.63;68.5
111602;Tìstoviny vajeèné; Kè / 1 kg;2006;2007;3;-0.04;%;26.04;26.03
111101;Rýže loupaná dlouhozrnná; Kè / 1 kg;2006;2007;3;13.26;%;21.12;23.92
112201;Vepøová peèenì s kostí; Kè / 1 kg;2006;2007;3;-2.84;%;106.91;103.87
111301;Chléb konzumní kmínový; Kè / 1 kg;2006;2007;3;9.59;%;17.21;18.86
112704;Šunkový salám; Kè / 1 kg;2006;2007;3;-0.98;%;117.99;116.83
116101;Pomeranèe; Kè / 1 kg;2007;2008;1;9.03;%;25.26;27.54
117401;Konzumní brambory; Kè / 1 kg;2007;2008;2;-28.82;%;17.73;12.62
114501;Eidamská cihla; Kè / 1 kg;2007;2008;1;33.18;%;111.38;148.34
116104;Jablka konzumní; Kè / 1 kg;2007;2008;1;25.99;%;24.55;30.93
122102;Pøírodní minerální voda uhlièitá; Kè / 1 l;2007;2008;2;9.63;%;7.58;8.31
115101;Máslo; Kè / 1 kg;2007;2008;1;18.59;%;103.26;122.46
117103;Papriky; Kè / 1 kg;2007;2008;1;-5.0;%;73.58;69.9
114201;Mléko polotuèné pasterované; Kè / 1 l;2007;2008;2;19.73;%;15.0;17.96
112101;Hovìzí maso zadní bez kosti; Kè / 1 kg;2007;2008;2;3.84;%;169.2;175.7
111201;Pšenièná mouka hladká; Kè / 1 kg;2007;2008;2;54.7;%;8.61;13.32
112401;Kuøata kuchaná celá; Kè / 1 kg;2007;2008;2;22.69;%;50.02;61.37
111303;Peèivo pšenièné bílé; Kè / 1 kg;2007;2008;2;28.43;%;42.7;54.84
114401;Jogurt bílý netuèný; Kè / 150 g;2007;2008;4;4.82;%;6.02;6.31
117401;Konzumní brambory; Kè / 1 kg;2007;2008;1;-38.37;%;16.73;10.31
116103;Banány žluté; Kè / 1 kg;2007;2008;4;-7.48;%;29.94;27.7
114701;Vejce slepièí èerstvá; Kè / 10 ks;2007;2008;4;-9.72;%;29.13;26.3
122102;Pøírodní minerální voda uhlièitá; Kè / 1 l;2007;2008;1;6.97;%;7.75;8.29
117101;Rajská jablka èervená kulatá; Kè / 1 kg;2007;2008;4;-10.33;%;44.04;39.49
115201;Rostlinný roztíratelný tuk; Kè / 1 kg;2007;2008;4;21.73;%;72.62;88.4
114201;Mléko polotuèné pasterované; Kè / 1 l;2007;2008;1;25.64;%;14.55;18.28
112101;Hovìzí maso zadní bez kosti; Kè / 1 kg;2007;2008;1;2.94;%;168.88;173.85
111201;Pšenièná mouka hladká; Kè / 1 kg;2007;2008;1;48.72;%;8.21;12.21
112401;Kuøata kuchaná celá; Kè / 1 kg;2007;2008;1;34.26;%;45.89;61.61
111303;Peèivo pšenièné bílé; Kè / 1 kg;2007;2008;1;31.85;%;41.67;54.94
117106;Mrkev; Kè / 1 kg;2007;2008;4;-1.05;%;12.39;12.26
114401;Jogurt bílý netuèný; Kè / 150 g;2007;2008;3;10.03;%;5.78;6.36
116103;Banány žluté; Kè / 1 kg;2007;2008;3;-3.3;%;28.47;27.53
118101;Cukr krystalový; Kè / 1 kg;2007;2008;4;-5.11;%;21.52;20.42
114701;Vejce slepièí èerstvá; Kè / 10 ks;2007;2008;3;13.14;%;23.36;26.43
117101;Rajská jablka èervená kulatá; Kè / 1 kg;2007;2008;3;-7.34;%;31.2;28.91
213201;Pivo výèepní, svìtlé, lahvové; Kè / 0,5 l;2007;2008;4;4.97;%;8.65;9.08
115201;Rostlinný roztíratelný tuk; Kè / 1 kg;2007;2008;3;30.14;%;67.78;88.21
111602;Tìstoviny vajeèné; Kè / 1 kg;2007;2008;4;7.55;%;28.74;30.91
111101;Rýže loupaná dlouhozrnná; Kè / 1 kg;2007;2008;4;54.79;%;24.42;37.8
112201;Vepøová peèenì s kostí; Kè / 1 kg;2007;2008;4;4.44;%;104.11;108.73
111301;Chléb konzumní kmínový; Kè / 1 kg;2007;2008;4;5.87;%;21.11;22.35
112704;Šunkový salám; Kè / 1 kg;2007;2008;4;5.18;%;114.82;120.77
117106;Mrkev; Kè / 1 kg;2007;2008;3;27.29;%;14.0;17.82
114401;Jogurt bílý netuèný; Kè / 150 g;2007;2008;2;6.31;%;5.86;6.23
116103;Banány žluté; Kè / 1 kg;2007;2008;2;-2.42;%;32.19;31.41
118101;Cukr krystalový; Kè / 1 kg;2007;2008;3;-5.27;%;21.82;20.67
114701;Vejce slepièí èerstvá; Kè / 10 ks;2007;2008;2;19.89;%;23.58;28.27
117101;Rajská jablka èervená kulatá; Kè / 1 kg;2007;2008;2;-12.35;%;40.16;35.2
213201;Pivo výèepní, svìtlé, lahvové; Kè / 0,5 l;2007;2008;3;5.39;%;8.54;9.0
115201;Rostlinný roztíratelný tuk; Kè / 1 kg;2007;2008;2;23.68;%;68.5;84.72
2000001;Kapr živý; Kè / 1 kg;2007;2008;4;1.76;%;78.98;80.37
111602;Tìstoviny vajeèné; Kè / 1 kg;2007;2008;3;19.25;%;26.03;31.04
111101;Rýže loupaná dlouhozrnná; Kè / 1 kg;2007;2008;3;54.56;%;23.92;36.97
112201;Vepøová peèenì s kostí; Kè / 1 kg;2007;2008;3;5.04;%;103.87;109.1
111301;Chléb konzumní kmínový; Kè / 1 kg;2007;2008;3;21.53;%;18.86;22.92
112704;Šunkový salám; Kè / 1 kg;2007;2008;3;1.86;%;116.83;119.0
117106;Mrkev; Kè / 1 kg;2007;2008;2;31.94;%;15.78;20.82
114401;Jogurt bílý netuèný; Kè / 150 g;2007;2008;1;6.67;%;5.85;6.24
116103;Banány žluté; Kè / 1 kg;2007;2008;1;5.82;%;32.46;34.35
118101;Cukr krystalový; Kè / 1 kg;2007;2008;2;-3.49;%;22.04;21.27
114701;Vejce slepièí èerstvá; Kè / 10 ks;2007;2008;1;28.93;%;23.78;30.66
117101;Rajská jablka èervená kulatá; Kè / 1 kg;2007;2008;1;-11.28;%;44.75;39.7
213201;Pivo výèepní, svìtlé, lahvové; Kè / 0,5 l;2007;2008;2;5.06;%;8.49;8.92
115201;Rostlinný roztíratelný tuk; Kè / 1 kg;2007;2008;1;13.16;%;69.01;78.09
111602;Tìstoviny vajeèné; Kè / 1 kg;2007;2008;2;18.82;%;26.09;31.0
111101;Rýže loupaná dlouhozrnná; Kè / 1 kg;2007;2008;2;30.55;%;23.73;30.98
112201;Vepøová peèenì s kostí; Kè / 1 kg;2007;2008;2;5.03;%;100.29;105.33
111301;Chléb konzumní kmínový; Kè / 1 kg;2007;2008;2;25.75;%;18.29;23.0
112704;Šunkový salám; Kè / 1 kg;2007;2008;2;2.09;%;116.96;119.41
117106;Mrkev; Kè / 1 kg;2007;2008;1;2.76;%;14.5;14.9
116101;Pomeranèe; Kè / 1 kg;2007;2008;4;-7.91;%;30.34;27.94
114501;Eidamská cihla; Kè / 1 kg;2007;2008;4;-16.45;%;148.84;124.36
118101;Cukr krystalový; Kè / 1 kg;2007;2008;1;-2.38;%;22.26;21.73
116104;Jablka konzumní; Kè / 1 kg;2007;2008;4;-11.73;%;29.06;25.65
115101;Máslo; Kè / 1 kg;2007;2008;4;-25.47;%;145.52;108.46
117103;Papriky; Kè / 1 kg;2007;2008;4;-23.3;%;66.02;50.64
213201;Pivo výèepní, svìtlé, lahvové; Kè / 0,5 l;2007;2008;1;6.45;%;8.37;8.91
111602;Tìstoviny vajeèné; Kè / 1 kg;2007;2008;1;16.12;%;25.99;30.18
111101;Rýže loupaná dlouhozrnná; Kè / 1 kg;2007;2008;1;16.66;%;23.41;27.31
112201;Vepøová peèenì s kostí; Kè / 1 kg;2007;2008;1;0.39;%;103.36;103.76
111301;Chléb konzumní kmínový; Kè / 1 kg;2007;2008;1;33.53;%;17.27;23.06
112704;Šunkový salám; Kè / 1 kg;2007;2008;1;0.25;%;117.14;117.43
116101;Pomeranèe; Kè / 1 kg;2007;2008;3;-6.34;%;37.83;35.43
117401;Konzumní brambory; Kè / 1 kg;2007;2008;4;-5.02;%;9.57;9.09
114501;Eidamská cihla; Kè / 1 kg;2007;2008;3;6.29;%;119.97;127.52
116104;Jablka konzumní; Kè / 1 kg;2007;2008;3;10.23;%;33.53;36.96
122102;Pøírodní minerální voda uhlièitá; Kè / 1 l;2007;2008;4;4.8;%;7.71;8.08
115101;Máslo; Kè / 1 kg;2007;2008;3;0.22;%;111.43;111.67
117103;Papriky; Kè / 1 kg;2007;2008;3;-12.34;%;53.55;46.94
114201;Mléko polotuèné pasterované; Kè / 1 l;2007;2008;4;0.69;%;17.46;17.58
112101;Hovìzí maso zadní bez kosti; Kè / 1 kg;2007;2008;4;4.17;%;170.07;177.16
111201;Pšenièná mouka hladká; Kè / 1 kg;2007;2008;4;18.91;%;10.68;12.7
112401;Kuøata kuchaná celá; Kè / 1 kg;2007;2008;4;-2.58;%;61.23;59.65
111303;Peèivo pšenièné bílé; Kè / 1 kg;2007;2008;4;6.9;%;49.72;53.15
116101;Pomeranèe; Kè / 1 kg;2007;2008;2;16.57;%;28.54;33.27
117401;Konzumní brambory; Kè / 1 kg;2007;2008;3;-12.93;%;11.99;10.44
114501;Eidamská cihla; Kè / 1 kg;2007;2008;2;22.35;%;111.24;136.1
116104;Jablka konzumní; Kè / 1 kg;2007;2008;2;32.87;%;27.56;36.62
122102;Pøírodní minerální voda uhlièitá; Kè / 1 l;2007;2008;3;5.84;%;7.87;8.33
115101;Máslo; Kè / 1 kg;2007;2008;2;9.76;%;103.61;113.72
117103;Papriky; Kè / 1 kg;2007;2008;2;-5.34;%;80.34;76.05
114201;Mléko polotuèné pasterované; Kè / 1 l;2007;2008;3;15.1;%;15.43;17.76
112101;Hovìzí maso zadní bez kosti; Kè / 1 kg;2007;2008;3;3.76;%;169.76;176.15
111201;Pšenièná mouka hladká; Kè / 1 kg;2007;2008;3;53.72;%;8.88;13.65
112401;Kuøata kuchaná celá; Kè / 1 kg;2007;2008;3;3.32;%;58.35;60.29
111303;Peèivo pšenièné bílé; Kè / 1 kg;2007;2008;3;27.8;%;42.12;53.83
117106;Mrkev; Kè / 1 kg;2008;2009;2;17.0;%;20.82;24.36
114401;Jogurt bílý netuèný; Kè / 150 g;2008;2009;1;1.44;%;6.24;6.33
116103;Banány žluté; Kè / 1 kg;2008;2009;1;-0.73;%;34.35;34.1
118101;Cukr krystalový; Kè / 1 kg;2008;2009;2;-8.18;%;21.27;19.53
114701;Vejce slepièí èerstvá; Kè / 10 ks;2008;2009;1;-13.27;%;30.66;26.59
117101;Rajská jablka èervená kulatá; Kè / 1 kg;2008;2009;1;4.06;%;39.7;41.31
213201;Pivo výèepní, svìtlé, lahvové; Kè / 0,5 l;2008;2009;2;3.03;%;8.92;9.19
115201;Rostlinný roztíratelný tuk; Kè / 1 kg;2008;2009;1;12.88;%;78.09;88.15
111602;Tìstoviny vajeèné; Kè / 1 kg;2008;2009;2;1.32;%;31.0;31.41
111101;Rýže loupaná dlouhozrnná; Kè / 1 kg;2008;2009;2;17.46;%;30.98;36.39
112201;Vepøová peèenì s kostí; Kè / 1 kg;2008;2009;2;0.32;%;105.33;105.67
111301;Chléb konzumní kmínový; Kè / 1 kg;2008;2009;2;-13.96;%;23.0;19.79
112704;Šunkový salám; Kè / 1 kg;2008;2009;2;-0.16;%;119.41;119.22
117106;Mrkev; Kè / 1 kg;2008;2009;1;10.6;%;14.9;16.48
116101;Pomeranèe; Kè / 1 kg;2008;2009;4;7.12;%;27.94;29.93
114501;Eidamská cihla; Kè / 1 kg;2008;2009;4;-11.55;%;124.36;110.0
118101;Cukr krystalový; Kè / 1 kg;2008;2009;1;-5.75;%;21.73;20.48
116104;Jablka konzumní; Kè / 1 kg;2008;2009;4;-13.18;%;25.65;22.27
115101;Máslo; Kè / 1 kg;2008;2009;4;-2.4;%;108.46;105.86
117103;Papriky; Kè / 1 kg;2008;2009;4;-19.49;%;50.64;40.77
213201;Pivo výèepní, svìtlé, lahvové; Kè / 0,5 l;2008;2009;1;2.81;%;8.91;9.16
111602;Tìstoviny vajeèné; Kè / 1 kg;2008;2009;1;3.35;%;30.18;31.19
111101;Rýže loupaná dlouhozrnná; Kè / 1 kg;2008;2009;1;36.43;%;27.31;37.26
112201;Vepøová peèenì s kostí; Kè / 1 kg;2008;2009;1;3.82;%;103.76;107.72
111301;Chléb konzumní kmínový; Kè / 1 kg;2008;2009;1;-7.29;%;23.06;21.38
112704;Šunkový salám; Kè / 1 kg;2008;2009;1;1.59;%;117.43;119.3
116101;Pomeranèe; Kè / 1 kg;2008;2009;3;-16.03;%;35.43;29.75
117401;Konzumní brambory; Kè / 1 kg;2008;2009;4;-1.65;%;9.09;8.94
114501;Eidamská cihla; Kè / 1 kg;2008;2009;3;-15.94;%;127.52;107.19
116104;Jablka konzumní; Kè / 1 kg;2008;2009;3;-26.14;%;36.96;27.3
122102;Pøírodní minerální voda uhlièitá; Kè / 1 l;2008;2009;4;0.37;%;8.08;8.11
115101;Máslo; Kè / 1 kg;2008;2009;3;-16.98;%;111.67;92.71
117103;Papriky; Kè / 1 kg;2008;2009;3;-18.39;%;46.94;38.31
2000001;Kapr živý; Kè / 1 kg;2008;2009;4;2.03;%;80.37;82.0
114201;Mléko polotuèné pasterované; Kè / 1 l;2008;2009;4;-12.97;%;17.58;15.3
112101;Hovìzí maso zadní bez kosti; Kè / 1 kg;2008;2009;4;0.7;%;177.16;178.4
111201;Pšenièná mouka hladká; Kè / 1 kg;2008;2009;4;-28.11;%;12.7;9.13
112401;Kuøata kuchaná celá; Kè / 1 kg;2008;2009;4;-4.54;%;59.65;56.94
111303;Peèivo pšenièné bílé; Kè / 1 kg;2008;2009;4;-36.58;%;53.15;33.71
116101;Pomeranèe; Kè / 1 kg;2008;2009;2;-6.04;%;33.27;31.26
117401;Konzumní brambory; Kè / 1 kg;2008;2009;3;-7.57;%;10.44;9.65
114501;Eidamská cihla; Kè / 1 kg;2008;2009;2;-18.55;%;136.1;110.85
116104;Jablka konzumní; Kè / 1 kg;2008;2009;2;-24.33;%;36.62;27.71
122102;Pøírodní minerální voda uhlièitá; Kè / 1 l;2008;2009;3;0.24;%;8.33;8.35
115101;Máslo; Kè / 1 kg;2008;2009;2;-19.64;%;113.72;91.39
117103;Papriky; Kè / 1 kg;2008;2009;2;-19.26;%;76.05;61.4
114201;Mléko polotuèné pasterované; Kè / 1 l;2008;2009;3;-15.43;%;17.76;15.02
112101;Hovìzí maso zadní bez kosti; Kè / 1 kg;2008;2009;3;1.46;%;176.15;178.73
111201;Pšenièná mouka hladká; Kè / 1 kg;2008;2009;3;-30.62;%;13.65;9.47
112401;Kuøata kuchaná celá; Kè / 1 kg;2008;2009;3;-4.56;%;60.29;57.54
111303;Peèivo pšenièné bílé; Kè / 1 kg;2008;2009;3;-39.22;%;53.83;32.72
116101;Pomeranèe; Kè / 1 kg;2008;2009;1;2.47;%;27.54;28.22
117401;Konzumní brambory; Kè / 1 kg;2008;2009;2;-0.95;%;12.62;12.5
114501;Eidamská cihla; Kè / 1 kg;2008;2009;1;-20.04;%;148.34;118.62
116104;Jablka konzumní; Kè / 1 kg;2008;2009;1;-15.55;%;30.93;26.12
122102;Pøírodní minerální voda uhlièitá; Kè / 1 l;2008;2009;2;-1.08;%;8.31;8.22
115101;Máslo; Kè / 1 kg;2008;2009;1;-22.9;%;122.46;94.42
117103;Papriky; Kè / 1 kg;2008;2009;1;-5.11;%;69.9;66.33
114201;Mléko polotuèné pasterované; Kè / 1 l;2008;2009;2;-11.8;%;17.96;15.84
112101;Hovìzí maso zadní bez kosti; Kè / 1 kg;2008;2009;2;2.4;%;175.7;179.91
111201;Pšenièná mouka hladká; Kè / 1 kg;2008;2009;2;-23.5;%;13.32;10.19
112401;Kuøata kuchaná celá; Kè / 1 kg;2008;2009;2;-5.44;%;61.37;58.03
111303;Peèivo pšenièné bílé; Kè / 1 kg;2008;2009;2;-23.63;%;54.84;41.88
114401;Jogurt bílý netuèný; Kè / 150 g;2008;2009;4;-7.45;%;6.31;5.84
117401;Konzumní brambory; Kè / 1 kg;2008;2009;1;-5.04;%;10.31;9.79
116103;Banány žluté; Kè / 1 kg;2008;2009;4;-6.03;%;27.7;26.03
114701;Vejce slepièí èerstvá; Kè / 10 ks;2008;2009;4;-0.84;%;26.3;26.08
122102;Pøírodní minerální voda uhlièitá; Kè / 1 l;2008;2009;1;-1.33;%;8.29;8.18
117101;Rajská jablka èervená kulatá; Kè / 1 kg;2008;2009;4;-21.37;%;39.49;31.05
115201;Rostlinný roztíratelný tuk; Kè / 1 kg;2008;2009;4;-10.08;%;88.4;79.49
114201;Mléko polotuèné pasterované; Kè / 1 l;2008;2009;1;-9.9;%;18.28;16.47
112101;Hovìzí maso zadní bez kosti; Kè / 1 kg;2008;2009;1;2.95;%;173.85;178.98
111201;Pšenièná mouka hladká; Kè / 1 kg;2008;2009;1;-9.17;%;12.21;11.09
112401;Kuøata kuchaná celá; Kè / 1 kg;2008;2009;1;-4.35;%;61.61;58.93
111303;Peèivo pšenièné bílé; Kè / 1 kg;2008;2009;1;-14.4;%;54.94;47.03
117106;Mrkev; Kè / 1 kg;2008;2009;4;-4.89;%;12.26;11.66
114401;Jogurt bílý netuèný; Kè / 150 g;2008;2009;3;-6.45;%;6.36;5.95
116103;Banány žluté; Kè / 1 kg;2008;2009;3;-1.93;%;27.53;27.0
118101;Cukr krystalový; Kè / 1 kg;2008;2009;4;-5.97;%;20.42;19.2
114701;Vejce slepièí èerstvá; Kè / 10 ks;2008;2009;3;-4.58;%;26.43;25.22
117101;Rajská jablka èervená kulatá; Kè / 1 kg;2008;2009;3;-16.78;%;28.91;24.06
213201;Pivo výèepní, svìtlé, lahvové; Kè / 0,5 l;2008;2009;4;1.32;%;9.08;9.2
115201;Rostlinný roztíratelný tuk; Kè / 1 kg;2008;2009;3;-5.74;%;88.21;83.15
111602;Tìstoviny vajeèné; Kè / 1 kg;2008;2009;4;-0.91;%;30.91;30.63
111101;Rýže loupaná dlouhozrnná; Kè / 1 kg;2008;2009;4;-8.23;%;37.8;34.69
112201;Vepøová peèenì s kostí; Kè / 1 kg;2008;2009;4;-3.66;%;108.73;104.75
111301;Chléb konzumní kmínový; Kè / 1 kg;2008;2009;4;-16.82;%;22.35;18.59
112704;Šunkový salám; Kè / 1 kg;2008;2009;4;-3.08;%;120.77;117.05
117106;Mrkev; Kè / 1 kg;2008;2009;3;-22.78;%;17.82;13.76
114401;Jogurt bílý netuèný; Kè / 150 g;2008;2009;2;-0.16;%;6.23;6.22
116103;Banány žluté; Kè / 1 kg;2008;2009;2;11.78;%;31.41;35.11
118101;Cukr krystalový; Kè / 1 kg;2008;2009;3;-3.05;%;20.67;20.04
114701;Vejce slepièí èerstvá; Kè / 10 ks;2008;2009;2;-7.36;%;28.27;26.19
117101;Rajská jablka èervená kulatá; Kè / 1 kg;2008;2009;2;22.84;%;35.2;43.24
213201;Pivo výèepní, svìtlé, lahvové; Kè / 0,5 l;2008;2009;3;2.0;%;9.0;9.18
115201;Rostlinný roztíratelný tuk; Kè / 1 kg;2008;2009;2;2.51;%;84.72;86.85
111602;Tìstoviny vajeèné; Kè / 1 kg;2008;2009;3;-1.19;%;31.04;30.67
111101;Rýže loupaná dlouhozrnná; Kè / 1 kg;2008;2009;3;-2.46;%;36.97;36.06
112201;Vepøová peèenì s kostí; Kè / 1 kg;2008;2009;3;-1.2;%;109.1;107.79
111301;Chléb konzumní kmínový; Kè / 1 kg;2008;2009;3;-18.94;%;22.92;18.58
112704;Šunkový salám; Kè / 1 kg;2008;2009;3;-2.19;%;119.0;116.39
116101;Pomeranèe; Kè / 1 kg;2009;2010;1;-5.74;%;28.22;26.6
117401;Konzumní brambory; Kè / 1 kg;2009;2010;2;17.68;%;12.5;14.71
114501;Eidamská cihla; Kè / 1 kg;2009;2010;1;-2.24;%;118.62;115.96
116104;Jablka konzumní; Kè / 1 kg;2009;2010;1;-8.69;%;26.12;23.85
122102;Pøírodní minerální voda uhlièitá; Kè / 1 l;2009;2010;2;-2.31;%;8.22;8.03
115101;Máslo; Kè / 1 kg;2009;2010;1;16.39;%;94.42;109.9
117103;Papriky; Kè / 1 kg;2009;2010;1;-2.85;%;66.33;64.44
114201;Mléko polotuèné pasterované; Kè / 1 l;2009;2010;2;-1.96;%;15.84;15.53
112101;Hovìzí maso zadní bez kosti; Kè / 1 kg;2009;2010;2;-2.02;%;179.91;176.28
111201;Pšenièná mouka hladká; Kè / 1 kg;2009;2010;2;-15.8;%;10.19;8.58
112401;Kuøata kuchaná celá; Kè / 1 kg;2009;2010;2;-3.21;%;58.03;56.17
111303;Peèivo pšenièné bílé; Kè / 1 kg;2009;2010;2;-21.49;%;41.88;32.88
114401;Jogurt bílý netuèný; Kè / 150 g;2009;2010;4;9.76;%;5.84;6.41
117401;Konzumní brambory; Kè / 1 kg;2009;2010;1;7.15;%;9.79;10.49
116103;Banány žluté; Kè / 1 kg;2009;2010;4;-4.88;%;26.03;24.76
114701;Vejce slepièí èerstvá; Kè / 10 ks;2009;2010;4;-15.26;%;26.08;22.1
122102;Pøírodní minerální voda uhlièitá; Kè / 1 l;2009;2010;1;0.61;%;8.18;8.23
117101;Rajská jablka èervená kulatá; Kè / 1 kg;2009;2010;4;42.71;%;31.05;44.31
115201;Rostlinný roztíratelný tuk; Kè / 1 kg;2009;2010;4;3.31;%;79.49;82.12
2000001;Kapr živý; Kè / 1 kg;2009;2010;4;2.9;%;82.0;84.38
114201;Mléko polotuèné pasterované; Kè / 1 l;2009;2010;1;-5.46;%;16.47;15.57
112101;Hovìzí maso zadní bez kosti; Kè / 1 kg;2009;2010;1;-0.88;%;178.98;177.41
111201;Pšenièná mouka hladká; Kè / 1 kg;2009;2010;1;-22.45;%;11.09;8.6
112401;Kuøata kuchaná celá; Kè / 1 kg;2009;2010;1;-4.82;%;58.93;56.09
111303;Peèivo pšenièné bílé; Kè / 1 kg;2009;2010;1;-27.98;%;47.03;33.87
117106;Mrkev; Kè / 1 kg;2009;2010;4;22.73;%;11.66;14.31
114401;Jogurt bílý netuèný; Kè / 150 g;2009;2010;3;6.05;%;5.95;6.31
116103;Banány žluté; Kè / 1 kg;2009;2010;3;0.52;%;27.0;27.14
118101;Cukr krystalový; Kè / 1 kg;2009;2010;4;-7.5;%;19.2;17.76
114701;Vejce slepièí èerstvá; Kè / 10 ks;2009;2010;3;-10.43;%;25.22;22.59
117101;Rajská jablka èervená kulatá; Kè / 1 kg;2009;2010;3;46.26;%;24.06;35.19
213201;Pivo výèepní, svìtlé, lahvové; Kè / 0,5 l;2009;2010;4;7.83;%;9.2;9.92
115201;Rostlinný roztíratelný tuk; Kè / 1 kg;2009;2010;3;-3.16;%;83.15;80.52
111602;Tìstoviny vajeèné; Kè / 1 kg;2009;2010;4;8.13;%;30.63;33.12
111101;Rýže loupaná dlouhozrnná; Kè / 1 kg;2009;2010;4;-7.67;%;34.69;32.03
112201;Vepøová peèenì s kostí; Kè / 1 kg;2009;2010;4;-4.69;%;104.75;99.84
111301;Chléb konzumní kmínový; Kè / 1 kg;2009;2010;4;0.27;%;18.59;18.64
112704;Šunkový salám; Kè / 1 kg;2009;2010;4;-0.44;%;117.05;116.54
117106;Mrkev; Kè / 1 kg;2009;2010;3;6.76;%;13.76;14.69
114401;Jogurt bílý netuèný; Kè / 150 g;2009;2010;2;-0.64;%;6.22;6.18
116103;Banány žluté; Kè / 1 kg;2009;2010;2;-16.09;%;35.11;29.46
118101;Cukr krystalový; Kè / 1 kg;2009;2010;3;-10.88;%;20.04;17.86
114701;Vejce slepièí èerstvá; Kè / 10 ks;2009;2010;2;2.86;%;26.19;26.94
117101;Rajská jablka èervená kulatá; Kè / 1 kg;2009;2010;2;0.42;%;43.24;43.42
213201;Pivo výèepní, svìtlé, lahvové; Kè / 0,5 l;2009;2010;3;7.41;%;9.18;9.86
115201;Rostlinný roztíratelný tuk; Kè / 1 kg;2009;2010;2;-7.74;%;86.85;80.13
111602;Tìstoviny vajeèné; Kè / 1 kg;2009;2010;3;4.21;%;30.67;31.96
111101;Rýže loupaná dlouhozrnná; Kè / 1 kg;2009;2010;3;-6.71;%;36.06;33.64
112201;Vepøová peèenì s kostí; Kè / 1 kg;2009;2010;3;-6.59;%;107.79;100.69
111301;Chléb konzumní kmínový; Kè / 1 kg;2009;2010;3;-4.68;%;18.58;17.71
112704;Šunkový salám; Kè / 1 kg;2009;2010;3;0.09;%;116.39;116.5
117106;Mrkev; Kè / 1 kg;2009;2010;2;-26.03;%;24.36;18.02
114401;Jogurt bílý netuèný; Kè / 150 g;2009;2010;1;-2.69;%;6.33;6.16
116103;Banány žluté; Kè / 1 kg;2009;2010;1;-18.15;%;34.1;27.91
118101;Cukr krystalový; Kè / 1 kg;2009;2010;2;-4.3;%;19.53;18.69
114701;Vejce slepièí èerstvá; Kè / 10 ks;2009;2010;1;5.38;%;26.59;28.02
117101;Rajská jablka èervená kulatá; Kè / 1 kg;2009;2010;1;9.17;%;41.31;45.1
213201;Pivo výèepní, svìtlé, lahvové; Kè / 0,5 l;2009;2010;2;6.86;%;9.19;9.82
115201;Rostlinný roztíratelný tuk; Kè / 1 kg;2009;2010;1;-10.13;%;88.15;79.22
111602;Tìstoviny vajeèné; Kè / 1 kg;2009;2010;2;0.03;%;31.41;31.42
111101;Rýže loupaná dlouhozrnná; Kè / 1 kg;2009;2010;2;-4.86;%;36.39;34.62
112201;Vepøová peèenì s kostí; Kè / 1 kg;2009;2010;2;-6.02;%;105.67;99.31
111301;Chléb konzumní kmínový; Kè / 1 kg;2009;2010;2;-6.27;%;19.79;18.55
112704;Šunkový salám; Kè / 1 kg;2009;2010;2;-1.36;%;119.22;117.6
117106;Mrkev; Kè / 1 kg;2009;2010;1;-4.67;%;16.48;15.71
116101;Pomeranèe; Kè / 1 kg;2009;2010;4;7.28;%;29.93;32.11
114501;Eidamská cihla; Kè / 1 kg;2009;2010;4;12.28;%;110.0;123.51
118101;Cukr krystalový; Kè / 1 kg;2009;2010;1;-9.13;%;20.48;18.61
116104;Jablka konzumní; Kè / 1 kg;2009;2010;4;17.42;%;22.27;26.15
115101;Máslo; Kè / 1 kg;2009;2010;4;26.58;%;105.86;134.0
117103;Papriky; Kè / 1 kg;2009;2010;4;24.06;%;40.77;50.58
213201;Pivo výèepní, svìtlé, lahvové; Kè / 0,5 l;2009;2010;1;8.84;%;9.16;9.97
111602;Tìstoviny vajeèné; Kè / 1 kg;2009;2010;1;0.87;%;31.19;31.46
111101;Rýže loupaná dlouhozrnná; Kè / 1 kg;2009;2010;1;-5.9;%;37.26;35.06
112201;Vepøová peèenì s kostí; Kè / 1 kg;2009;2010;1;-5.29;%;107.72;102.02
111301;Chléb konzumní kmínový; Kè / 1 kg;2009;2010;1;-13.0;%;21.38;18.6
112704;Šunkový salám; Kè / 1 kg;2009;2010;1;-1.81;%;119.3;117.14
116101;Pomeranèe; Kè / 1 kg;2009;2010;3;22.82;%;29.75;36.54
117401;Konzumní brambory; Kè / 1 kg;2009;2010;4;57.61;%;8.94;14.09
114501;Eidamská cihla; Kè / 1 kg;2009;2010;3;15.09;%;107.19;123.36
116104;Jablka konzumní; Kè / 1 kg;2009;2010;3;-1.65;%;27.3;26.85
122102;Pøírodní minerální voda uhlièitá; Kè / 1 l;2009;2010;4;-2.71;%;8.11;7.89
115101;Máslo; Kè / 1 kg;2009;2010;3;34.31;%;92.71;124.52
117103;Papriky; Kè / 1 kg;2009;2010;3;30.44;%;38.31;49.97
114201;Mléko polotuèné pasterované; Kè / 1 l;2009;2010;4;8.95;%;15.3;16.67
112101;Hovìzí maso zadní bez kosti; Kè / 1 kg;2009;2010;4;-2.02;%;178.4;174.8
111201;Pšenièná mouka hladká; Kè / 1 kg;2009;2010;4;6.02;%;9.13;9.68
112401;Kuøata kuchaná celá; Kè / 1 kg;2009;2010;4;2.95;%;56.94;58.62
111303;Peèivo pšenièné bílé; Kè / 1 kg;2009;2010;4;3.03;%;33.71;34.73
116101;Pomeranèe; Kè / 1 kg;2009;2010;2;-8.96;%;31.26;28.46
117401;Konzumní brambory; Kè / 1 kg;2009;2010;3;45.8;%;9.65;14.07
114501;Eidamská cihla; Kè / 1 kg;2009;2010;2;6.58;%;110.85;118.14
116104;Jablka konzumní; Kè / 1 kg;2009;2010;2;-11.01;%;27.71;24.66
122102;Pøírodní minerální voda uhlièitá; Kè / 1 l;2009;2010;3;-5.03;%;8.35;7.93
115101;Máslo; Kè / 1 kg;2009;2010;2;19.02;%;91.39;108.77
117103;Papriky; Kè / 1 kg;2009;2010;2;25.83;%;61.4;77.26
114201;Mléko polotuèné pasterované; Kè / 1 l;2009;2010;3;10.32;%;15.02;16.57
112101;Hovìzí maso zadní bez kosti; Kè / 1 kg;2009;2010;3;-1.61;%;178.73;175.85
111201;Pšenièná mouka hladká; Kè / 1 kg;2009;2010;3;-12.46;%;9.47;8.29
112401;Kuøata kuchaná celá; Kè / 1 kg;2009;2010;3;-0.87;%;57.54;57.04
111303;Peèivo pšenièné bílé; Kè / 1 kg;2009;2010;3;0.0;%;32.72;32.72
117106;Mrkev; Kè / 1 kg;2010;2011;2;4.77;%;18.02;18.88
114401;Jogurt bílý netuèný; Kè / 150 g;2010;2011;1;3.41;%;6.16;6.37
116103;Banány žluté; Kè / 1 kg;2010;2011;1;14.76;%;27.91;32.03
118101;Cukr krystalový; Kè / 1 kg;2010;2011;2;24.13;%;18.69;23.2
114701;Vejce slepièí èerstvá; Kè / 10 ks;2010;2011;1;-21.52;%;28.02;21.99
117101;Rajská jablka èervená kulatá; Kè / 1 kg;2010;2011;1;-15.43;%;45.1;38.14
213201;Pivo výèepní, svìtlé, lahvové; Kè / 0,5 l;2010;2011;2;2.34;%;9.82;10.05
115201;Rostlinný roztíratelný tuk; Kè / 1 kg;2010;2011;1;8.13;%;79.22;85.66
2000001;Kapr živý; Kè / 1 kg;2010;2011;4;2.93;%;84.38;86.85
111602;Tìstoviny vajeèné; Kè / 1 kg;2010;2011;2;12.13;%;31.42;35.23
111101;Rýže loupaná dlouhozrnná; Kè / 1 kg;2010;2011;2;-4.94;%;34.62;32.91
112201;Vepøová peèenì s kostí; Kè / 1 kg;2010;2011;2;-0.15;%;99.31;99.16
111301;Chléb konzumní kmínový; Kè / 1 kg;2010;2011;2;16.87;%;18.55;21.68
112704;Šunkový salám; Kè / 1 kg;2010;2011;2;-1.75;%;117.6;115.54
117106;Mrkev; Kè / 1 kg;2010;2011;1;22.02;%;15.71;19.17
116101;Pomeranèe; Kè / 1 kg;2010;2011;4;-2.52;%;32.11;31.3
114501;Eidamská cihla; Kè / 1 kg;2010;2011;4;-1.12;%;123.51;122.13
118101;Cukr krystalový; Kè / 1 kg;2010;2011;1;-0.27;%;18.61;18.56
116104;Jablka konzumní; Kè / 1 kg;2010;2011;4;2.64;%;26.15;26.84
115101;Máslo; Kè / 1 kg;2010;2011;4;6.96;%;134.0;143.32
117103;Papriky; Kè / 1 kg;2010;2011;4;-17.42;%;50.58;41.77
213201;Pivo výèepní, svìtlé, lahvové; Kè / 0,5 l;2010;2011;1;2.11;%;9.97;10.18
111602;Tìstoviny vajeèné; Kè / 1 kg;2010;2011;1;10.04;%;31.46;34.62
111101;Rýže loupaná dlouhozrnná; Kè / 1 kg;2010;2011;1;-7.1;%;35.06;32.57
112201;Vepøová peèenì s kostí; Kè / 1 kg;2010;2011;1;-3.53;%;102.02;98.42
111301;Chléb konzumní kmínový; Kè / 1 kg;2010;2011;1;3.12;%;18.6;19.18
112704;Šunkový salám; Kè / 1 kg;2010;2011;1;-1.71;%;117.14;115.14
116101;Pomeranèe; Kè / 1 kg;2010;2011;3;-21.21;%;36.54;28.79
117401;Konzumní brambory; Kè / 1 kg;2010;2011;4;-37.9;%;14.09;8.75
114501;Eidamská cihla; Kè / 1 kg;2010;2011;3;-0.25;%;123.36;123.05
116104;Jablka konzumní; Kè / 1 kg;2010;2011;3;16.28;%;26.85;31.22
122102;Pøírodní minerální voda uhlièitá; Kè / 1 l;2010;2011;4;9.89;%;7.89;8.67
115101;Máslo; Kè / 1 kg;2010;2011;3;13.25;%;124.52;141.02
117103;Papriky; Kè / 1 kg;2010;2011;3;-12.51;%;49.97;43.72
114201;Mléko polotuèné pasterované; Kè / 1 l;2010;2011;4;8.58;%;16.67;18.1
112101;Hovìzí maso zadní bez kosti; Kè / 1 kg;2010;2011;4;6.26;%;174.8;185.75
111201;Pšenièná mouka hladká; Kè / 1 kg;2010;2011;4;19.42;%;9.68;11.56
112401;Kuøata kuchaná celá; Kè / 1 kg;2010;2011;4;0.34;%;58.62;58.82
111303;Peèivo pšenièné bílé; Kè / 1 kg;2010;2011;4;32.42;%;34.73;45.99
116101;Pomeranèe; Kè / 1 kg;2010;2011;2;-5.69;%;28.46;26.84
117401;Konzumní brambory; Kè / 1 kg;2010;2011;3;-23.67;%;14.07;10.74
114501;Eidamská cihla; Kè / 1 kg;2010;2011;2;5.26;%;118.14;124.36
116104;Jablka konzumní; Kè / 1 kg;2010;2011;2;21.7;%;24.66;30.01
122102;Pøírodní minerální voda uhlièitá; Kè / 1 l;2010;2011;3;7.94;%;7.93;8.56
115101;Máslo; Kè / 1 kg;2010;2011;2;27.03;%;108.77;138.17
117103;Papriky; Kè / 1 kg;2010;2011;2;-20.37;%;77.26;61.52
114201;Mléko polotuèné pasterované; Kè / 1 l;2010;2011;3;7.06;%;16.57;17.74
112101;Hovìzí maso zadní bez kosti; Kè / 1 kg;2010;2011;3;2.79;%;175.85;180.76
111201;Pšenièná mouka hladká; Kè / 1 kg;2010;2011;3;37.52;%;8.29;11.4
112401;Kuøata kuchaná celá; Kè / 1 kg;2010;2011;3;0.65;%;57.04;57.41
111303;Peèivo pšenièné bílé; Kè / 1 kg;2010;2011;3;40.65;%;32.72;46.02
116101;Pomeranèe; Kè / 1 kg;2010;2011;1;-4.77;%;26.6;25.33
117401;Konzumní brambory; Kè / 1 kg;2010;2011;2;20.26;%;14.71;17.69
114501;Eidamská cihla; Kè / 1 kg;2010;2011;1;3.48;%;115.96;119.99
116104;Jablka konzumní; Kè / 1 kg;2010;2011;1;19.87;%;23.85;28.59
122102;Pøírodní minerální voda uhlièitá; Kè / 1 l;2010;2011;2;-2.12;%;8.03;7.86
115101;Máslo; Kè / 1 kg;2010;2011;1;22.15;%;109.9;134.24
117103;Papriky; Kè / 1 kg;2010;2011;1;2.64;%;64.44;66.14
114201;Mléko polotuèné pasterované; Kè / 1 l;2010;2011;2;14.36;%;15.53;17.76
112101;Hovìzí maso zadní bez kosti; Kè / 1 kg;2010;2011;2;0.75;%;176.28;177.61
111201;Pšenièná mouka hladká; Kè / 1 kg;2010;2011;2;36.48;%;8.58;11.71
112401;Kuøata kuchaná celá; Kè / 1 kg;2010;2011;2;6.41;%;56.17;59.77
111303;Peèivo pšenièné bílé; Kè / 1 kg;2010;2011;2;31.84;%;32.88;43.35
114401;Jogurt bílý netuèný; Kè / 150 g;2010;2011;4;5.3;%;6.41;6.75
117401;Konzumní brambory; Kè / 1 kg;2010;2011;1;61.39;%;10.49;16.93
116103;Banány žluté; Kè / 1 kg;2010;2011;4;3.15;%;24.76;25.54
114701;Vejce slepièí èerstvá; Kè / 10 ks;2010;2011;4;15.02;%;22.1;25.42
122102;Pøírodní minerální voda uhlièitá; Kè / 1 l;2010;2011;1;-1.94;%;8.23;8.07
117101;Rajská jablka èervená kulatá; Kè / 1 kg;2010;2011;4;-23.76;%;44.31;33.78
115201;Rostlinný roztíratelný tuk; Kè / 1 kg;2010;2011;4;8.95;%;82.12;89.47
114201;Mléko polotuèné pasterované; Kè / 1 l;2010;2011;1;9.18;%;15.57;17.0
112101;Hovìzí maso zadní bez kosti; Kè / 1 kg;2010;2011;1;0.78;%;177.41;178.8
111201;Pšenièná mouka hladká; Kè / 1 kg;2010;2011;1;29.07;%;8.6;11.1
112401;Kuøata kuchaná celá; Kè / 1 kg;2010;2011;1;1.94;%;56.09;57.18
111303;Peèivo pšenièné bílé; Kè / 1 kg;2010;2011;1;11.1;%;33.87;37.63
114401;Jogurt bílý netuèný; Kè / 150 g;2010;2011;3;3.49;%;6.31;6.53
116103;Banány žluté; Kè / 1 kg;2010;2011;3;-16.91;%;27.14;22.55
118101;Cukr krystalový; Kè / 1 kg;2010;2011;4;36.04;%;17.76;24.16
114701;Vejce slepièí èerstvá; Kè / 10 ks;2010;2011;3;-2.7;%;22.59;21.98
117101;Rajská jablka èervená kulatá; Kè / 1 kg;2010;2011;3;-40.49;%;35.19;20.94
213201;Pivo výèepní, svìtlé, lahvové; Kè / 0,5 l;2010;2011;4;-0.3;%;9.92;9.89
115201;Rostlinný roztíratelný tuk; Kè / 1 kg;2010;2011;3;11.81;%;80.52;90.03
117106;Mrkev; Kè / 1 kg;2010;2011;4;-11.11;%;14.31;12.72
111602;Tìstoviny vajeèné; Kè / 1 kg;2010;2011;4;7.25;%;33.12;35.52
111101;Rýže loupaná dlouhozrnná; Kè / 1 kg;2010;2011;4;6.24;%;32.03;34.03
112201;Vepøová peèenì s kostí; Kè / 1 kg;2010;2011;4;2.26;%;99.84;102.1
111301;Chléb konzumní kmínový; Kè / 1 kg;2010;2011;4;23.5;%;18.64;23.02
112704;Šunkový salám; Kè / 1 kg;2010;2011;4;0.68;%;116.54;117.33
114401;Jogurt bílý netuèný; Kè / 150 g;2010;2011;2;3.88;%;6.18;6.42
116103;Banány žluté; Kè / 1 kg;2010;2011;2;-5.77;%;29.46;27.76
118101;Cukr krystalový; Kè / 1 kg;2010;2011;3;33.71;%;17.86;23.88
114701;Vejce slepièí èerstvá; Kè / 10 ks;2010;2011;2;-12.92;%;26.94;23.46
117101;Rajská jablka èervená kulatá; Kè / 1 kg;2010;2011;2;-34.66;%;43.42;28.37
213201;Pivo výèepní, svìtlé, lahvové; Kè / 0,5 l;2010;2011;3;2.23;%;9.86;10.08
115201;Rostlinný roztíratelný tuk; Kè / 1 kg;2010;2011;2;11.98;%;80.13;89.73
117106;Mrkev; Kè / 1 kg;2010;2011;3;1.91;%;14.69;14.97
111602;Tìstoviny vajeèné; Kè / 1 kg;2010;2011;3;10.14;%;31.96;35.2
111101;Rýže loupaná dlouhozrnná; Kè / 1 kg;2010;2011;3;0.56;%;33.64;33.83
112201;Vepøová peèenì s kostí; Kè / 1 kg;2010;2011;3;-0.2;%;100.69;100.49
111301;Chléb konzumní kmínový; Kè / 1 kg;2010;2011;3;27.89;%;17.71;22.65
112704;Šunkový salám; Kè / 1 kg;2010;2011;3;-0.75;%;116.5;115.63
116101;Pomeranèe; Kè / 1 kg;2011;2012;1;4.07;%;25.33;26.36
117401;Konzumní brambory; Kè / 1 kg;2011;2012;2;-28.6;%;17.69;12.63
114501;Eidamská cihla; Kè / 1 kg;2011;2012;1;8.45;%;119.99;130.13
116104;Jablka konzumní; Kè / 1 kg;2011;2012;1;0.84;%;28.59;28.83
122102;Pøírodní minerální voda uhlièitá; Kè / 1 l;2011;2012;2;16.16;%;7.86;9.13
115101;Máslo; Kè / 1 kg;2011;2012;1;7.52;%;134.24;144.33
117103;Papriky; Kè / 1 kg;2011;2012;1;-1.07;%;66.14;65.43
114201;Mléko polotuèné pasterované; Kè / 1 l;2011;2012;2;8.05;%;17.76;19.19
112101;Hovìzí maso zadní bez kosti; Kè / 1 kg;2011;2012;2;11.89;%;177.61;198.72
111201;Pšenièná mouka hladká; Kè / 1 kg;2011;2012;2;-9.14;%;11.71;10.64
112401;Kuøata kuchaná celá; Kè / 1 kg;2011;2012;2;3.13;%;59.77;61.64
111303;Peèivo pšenièné bílé; Kè / 1 kg;2011;2012;2;0.28;%;43.35;43.47
114401;Jogurt bílý netuèný; Kè / 150 g;2011;2012;4;5.04;%;6.75;7.09
117401;Konzumní brambory; Kè / 1 kg;2011;2012;1;-42.76;%;16.93;9.69
116103;Banány žluté; Kè / 1 kg;2011;2012;4;20.91;%;25.54;30.88
114701;Vejce slepièí èerstvá; Kè / 10 ks;2011;2012;4;35.88;%;25.42;34.54
122102;Pøírodní minerální voda uhlièitá; Kè / 1 l;2011;2012;1;11.77;%;8.07;9.02
117101;Rajská jablka èervená kulatá; Kè / 1 kg;2011;2012;4;7.37;%;33.78;36.27
115201;Rostlinný roztíratelný tuk; Kè / 1 kg;2011;2012;4;2.66;%;89.47;91.85
114201;Mléko polotuèné pasterované; Kè / 1 l;2011;2012;1;10.88;%;17.0;18.85
112101;Hovìzí maso zadní bez kosti; Kè / 1 kg;2011;2012;1;8.62;%;178.8;194.21
111201;Pšenièná mouka hladká; Kè / 1 kg;2011;2012;1;3.6;%;11.1;11.5
112401;Kuøata kuchaná celá; Kè / 1 kg;2011;2012;1;4.63;%;57.18;59.83
111303;Peèivo pšenièné bílé; Kè / 1 kg;2011;2012;1;21.39;%;37.63;45.68
114401;Jogurt bílý netuèný; Kè / 150 g;2011;2012;3;10.87;%;6.53;7.24
116103;Banány žluté; Kè / 1 kg;2011;2012;3;28.6;%;22.55;29.0
118101;Cukr krystalový; Kè / 1 kg;2011;2012;4;-1.16;%;24.16;23.88
114701;Vejce slepièí èerstvá; Kè / 10 ks;2011;2012;3;57.19;%;21.98;34.55
117101;Rajská jablka èervená kulatá; Kè / 1 kg;2011;2012;3;47.99;%;20.94;30.99
213201;Pivo výèepní, svìtlé, lahvové; Kè / 0,5 l;2011;2012;4;6.57;%;9.89;10.54
115201;Rostlinný roztíratelný tuk; Kè / 1 kg;2011;2012;3;-0.71;%;90.03;89.39
117106;Mrkev; Kè / 1 kg;2011;2012;4;12.34;%;12.72;14.29
111602;Tìstoviny vajeèné; Kè / 1 kg;2011;2012;4;8.16;%;35.52;38.42
111101;Rýže loupaná dlouhozrnná; Kè / 1 kg;2011;2012;4;1.5;%;34.03;34.54
112201;Vepøová peèenì s kostí; Kè / 1 kg;2011;2012;4;12.95;%;102.1;115.32
111301;Chléb konzumní kmínový; Kè / 1 kg;2011;2012;4;0.26;%;23.02;23.08
112704;Šunkový salám; Kè / 1 kg;2011;2012;4;6.76;%;117.33;125.26
114401;Jogurt bílý netuèný; Kè / 150 g;2011;2012;2;11.06;%;6.42;7.13
116103;Banány žluté; Kè / 1 kg;2011;2012;2;13.33;%;27.76;31.46
118101;Cukr krystalový; Kè / 1 kg;2011;2012;3;2.14;%;23.88;24.39
114701;Vejce slepièí èerstvá; Kè / 10 ks;2011;2012;2;62.83;%;23.46;38.2
117101;Rajská jablka èervená kulatá; Kè / 1 kg;2011;2012;2;47.69;%;28.37;41.9
213201;Pivo výèepní, svìtlé, lahvové; Kè / 0,5 l;2011;2012;3;-0.79;%;10.08;10.0
115201;Rostlinný roztíratelný tuk; Kè / 1 kg;2011;2012;2;-1.25;%;89.73;88.61
117106;Mrkev; Kè / 1 kg;2011;2012;3;31.73;%;14.97;19.72
111602;Tìstoviny vajeèné; Kè / 1 kg;2011;2012;3;6.68;%;35.2;37.55
111101;Rýže loupaná dlouhozrnná; Kè / 1 kg;2011;2012;3;-0.24;%;33.83;33.75
112201;Vepøová peèenì s kostí; Kè / 1 kg;2011;2012;3;8.51;%;100.49;109.04
111301;Chléb konzumní kmínový; Kè / 1 kg;2011;2012;3;0.09;%;22.65;22.67
112704;Šunkový salám; Kè / 1 kg;2011;2012;3;5.95;%;115.63;122.51
114401;Jogurt bílý netuèný; Kè / 150 g;2011;2012;1;12.87;%;6.37;7.19
116103;Banány žluté; Kè / 1 kg;2011;2012;1;2.0;%;32.03;32.67
118101;Cukr krystalový; Kè / 1 kg;2011;2012;2;4.78;%;23.2;24.31
114701;Vejce slepièí èerstvá; Kè / 10 ks;2011;2012;1;65.53;%;21.99;36.4
117101;Rajská jablka èervená kulatá; Kè / 1 kg;2011;2012;1;10.8;%;38.14;42.26
213201;Pivo výèepní, svìtlé, lahvové; Kè / 0,5 l;2011;2012;2;0.6;%;10.05;10.11
115201;Rostlinný roztíratelný tuk; Kè / 1 kg;2011;2012;1;5.34;%;85.66;90.23
117106;Mrkev; Kè / 1 kg;2011;2012;2;9.27;%;18.88;20.63
111602;Tìstoviny vajeèné; Kè / 1 kg;2011;2012;2;6.56;%;35.23;37.54
111101;Rýže loupaná dlouhozrnná; Kè / 1 kg;2011;2012;2;2.52;%;32.91;33.74
112201;Vepøová peèenì s kostí; Kè / 1 kg;2011;2012;2;7.9;%;99.16;106.99
111301;Chléb konzumní kmínový; Kè / 1 kg;2011;2012;2;5.86;%;21.68;22.95
112704;Šunkový salám; Kè / 1 kg;2011;2012;2;3.24;%;115.54;119.28
116101;Pomeranèe; Kè / 1 kg;2011;2012;4;-0.96;%;31.3;31.0
114501;Eidamská cihla; Kè / 1 kg;2011;2012;4;5.97;%;122.13;129.42
118101;Cukr krystalový; Kè / 1 kg;2011;2012;1;31.95;%;18.56;24.49
116104;Jablka konzumní; Kè / 1 kg;2011;2012;4;19.9;%;26.84;32.18
115101;Máslo; Kè / 1 kg;2011;2012;4;-0.18;%;143.32;143.06
117103;Papriky; Kè / 1 kg;2011;2012;4;15.56;%;41.77;48.27
213201;Pivo výèepní, svìtlé, lahvové; Kè / 0,5 l;2011;2012;1;-1.96;%;10.18;9.98
117106;Mrkev; Kè / 1 kg;2011;2012;1;-21.07;%;19.17;15.13
111602;Tìstoviny vajeèné; Kè / 1 kg;2011;2012;1;5.92;%;34.62;36.67
111101;Rýže loupaná dlouhozrnná; Kè / 1 kg;2011;2012;1;4.82;%;32.57;34.14
112201;Vepøová peèenì s kostí; Kè / 1 kg;2011;2012;1;8.02;%;98.42;106.31
111301;Chléb konzumní kmínový; Kè / 1 kg;2011;2012;1;19.71;%;19.18;22.96
112704;Šunkový salám; Kè / 1 kg;2011;2012;1;4.17;%;115.14;119.94
116101;Pomeranèe; Kè / 1 kg;2011;2012;3;21.88;%;28.79;35.09
117401;Konzumní brambory; Kè / 1 kg;2011;2012;4;12.57;%;8.75;9.85
114501;Eidamská cihla; Kè / 1 kg;2011;2012;3;3.48;%;123.05;127.33
116104;Jablka konzumní; Kè / 1 kg;2011;2012;3;6.15;%;31.22;33.14
122102;Pøírodní minerální voda uhlièitá; Kè / 1 l;2011;2012;4;0.23;%;8.67;8.69
115101;Máslo; Kè / 1 kg;2011;2012;3;-9.21;%;141.02;128.03
117103;Papriky; Kè / 1 kg;2011;2012;3;19.88;%;43.72;52.41
112101;Hovìzí maso zadní bez kosti; Kè / 1 kg;2011;2012;4;11.3;%;185.75;206.74
111201;Pšenièná mouka hladká; Kè / 1 kg;2011;2012;4;10.38;%;11.56;12.76
112401;Kuøata kuchaná celá; Kè / 1 kg;2011;2012;4;12.0;%;58.82;65.88
111303;Peèivo pšenièné bílé; Kè / 1 kg;2011;2012;4;-5.98;%;45.99;43.24
114201;Mléko polotuèné pasterované; Kè / 1 l;2011;2012;4;2.82;%;18.1;18.61
116101;Pomeranèe; Kè / 1 kg;2011;2012;2;5.44;%;26.84;28.3
117401;Konzumní brambory; Kè / 1 kg;2011;2012;3;-6.24;%;10.74;10.07
114501;Eidamská cihla; Kè / 1 kg;2011;2012;2;0.86;%;124.36;125.43
116104;Jablka konzumní; Kè / 1 kg;2011;2012;2;-0.47;%;30.01;29.87
122102;Pøírodní minerální voda uhlièitá; Kè / 1 l;2011;2012;3;2.1;%;8.56;8.74
115101;Máslo; Kè / 1 kg;2011;2012;2;-3.94;%;138.17;132.72
117103;Papriky; Kè / 1 kg;2011;2012;2;12.52;%;61.52;69.22
2000001;Kapr živý; Kè / 1 kg;2011;2012;4;3.73;%;86.85;90.09
112101;Hovìzí maso zadní bez kosti; Kè / 1 kg;2011;2012;3;12.61;%;180.76;203.56
111201;Pšenièná mouka hladká; Kè / 1 kg;2011;2012;3;-1.67;%;11.4;11.21
112401;Kuøata kuchaná celá; Kè / 1 kg;2011;2012;3;11.91;%;57.41;64.25
111303;Peèivo pšenièné bílé; Kè / 1 kg;2011;2012;3;-8.13;%;46.02;42.28
114201;Mléko polotuèné pasterované; Kè / 1 l;2011;2012;3;4.57;%;17.74;18.55
114401;Jogurt bílý netuèný; Kè / 150 g;2012;2013;1;2.92;%;7.19;7.4
116103;Banány žluté; Kè / 1 kg;2012;2013;1;6.21;%;32.67;34.7
118101;Cukr krystalový; Kè / 1 kg;2012;2013;2;-1.32;%;24.31;23.99
114701;Vejce slepièí èerstvá; Kè / 10 ks;2012;2013;1;-2.12;%;36.4;35.63
117101;Rajská jablka èervená kulatá; Kè / 1 kg;2012;2013;1;1.77;%;42.26;43.01
213201;Pivo výèepní, svìtlé, lahvové; Kè / 0,5 l;2012;2013;2;5.84;%;10.11;10.7
115201;Rostlinný roztíratelný tuk; Kè / 1 kg;2012;2013;1;3.24;%;90.23;93.15
117106;Mrkev; Kè / 1 kg;2012;2013;2;1.94;%;20.63;21.03
111602;Tìstoviny vajeèné; Kè / 1 kg;2012;2013;2;8.95;%;37.54;40.9
111101;Rýže loupaná dlouhozrnná; Kè / 1 kg;2012;2013;2;3.44;%;33.74;34.9
112201;Vepøová peèenì s kostí; Kè / 1 kg;2012;2013;2;7.67;%;106.99;115.2
111301;Chléb konzumní kmínový; Kè / 1 kg;2012;2013;2;1.39;%;22.95;23.27
112704;Šunkový salám; Kè / 1 kg;2012;2013;2;4.2;%;119.28;124.29
114501;Eidamská cihla; Kè / 1 kg;2012;2013;4;22.62;%;129.42;158.7
118101;Cukr krystalový; Kè / 1 kg;2012;2013;1;-0.08;%;24.49;24.47
116104;Jablka konzumní; Kè / 1 kg;2012;2013;4;-5.38;%;32.18;30.45
115101;Máslo; Kè / 1 kg;2012;2013;4;15.17;%;143.06;164.76
117103;Papriky; Kè / 1 kg;2012;2013;4;9.41;%;48.27;52.81
213201;Pivo výèepní, svìtlé, lahvové; Kè / 0,5 l;2012;2013;1;6.21;%;9.98;10.6
117106;Mrkev; Kè / 1 kg;2012;2013;1;2.18;%;15.13;15.46
116101;Pomeranèe; Kè / 1 kg;2012;2013;4;3.35;%;31.0;32.04
111602;Tìstoviny vajeèné; Kè / 1 kg;2012;2013;1;5.34;%;36.67;38.63
111101;Rýže loupaná dlouhozrnná; Kè / 1 kg;2012;2013;1;0.82;%;34.14;34.42
112201;Vepøová peèenì s kostí; Kè / 1 kg;2012;2013;1;7.94;%;106.31;114.75
111301;Chléb konzumní kmínový; Kè / 1 kg;2012;2013;1;-0.04;%;22.96;22.95
112704;Šunkový salám; Kè / 1 kg;2012;2013;1;4.62;%;119.94;125.48
117401;Konzumní brambory; Kè / 1 kg;2012;2013;4;69.75;%;9.85;16.72
114501;Eidamská cihla; Kè / 1 kg;2012;2013;3;14.35;%;127.33;145.6
116104;Jablka konzumní; Kè / 1 kg;2012;2013;3;19.28;%;33.14;39.53
122102;Pøírodní minerální voda uhlièitá; Kè / 1 l;2012;2013;4;0.23;%;8.69;8.71
115101;Máslo; Kè / 1 kg;2012;2013;3;23.38;%;128.03;157.96
117103;Papriky; Kè / 1 kg;2012;2013;3;5.06;%;52.41;55.06
116101;Pomeranèe; Kè / 1 kg;2012;2013;3;2.96;%;35.09;36.13
112101;Hovìzí maso zadní bez kosti; Kè / 1 kg;2012;2013;4;0.37;%;206.74;207.51
111201;Pšenièná mouka hladká; Kè / 1 kg;2012;2013;4;1.88;%;12.76;13.0
112401;Kuøata kuchaná celá; Kè / 1 kg;2012;2013;4;8.03;%;65.88;71.17
111303;Peèivo pšenièné bílé; Kè / 1 kg;2012;2013;4;-5.6;%;43.24;40.82
114201;Mléko polotuèné pasterované; Kè / 1 l;2012;2013;4;6.66;%;18.61;19.85
117401;Konzumní brambory; Kè / 1 kg;2012;2013;3;73.58;%;10.07;17.48
114501;Eidamská cihla; Kè / 1 kg;2012;2013;2;6.4;%;125.43;133.46
116104;Jablka konzumní; Kè / 1 kg;2012;2013;2;17.54;%;29.87;35.11
122102;Pøírodní minerální voda uhlièitá; Kè / 1 l;2012;2013;3;-2.75;%;8.74;8.5
115101;Máslo; Kè / 1 kg;2012;2013;2;13.61;%;132.72;150.78
117103;Papriky; Kè / 1 kg;2012;2013;2;8.68;%;69.22;75.23
116101;Pomeranèe; Kè / 1 kg;2012;2013;2;6.75;%;28.3;30.21
112101;Hovìzí maso zadní bez kosti; Kè / 1 kg;2012;2013;3;2.06;%;203.56;207.76
111201;Pšenièná mouka hladká; Kè / 1 kg;2012;2013;3;19.98;%;11.21;13.45
112401;Kuøata kuchaná celá; Kè / 1 kg;2012;2013;3;5.45;%;64.25;67.75
111303;Peèivo pšenièné bílé; Kè / 1 kg;2012;2013;3;-2.98;%;42.28;41.02
114201;Mléko polotuèné pasterované; Kè / 1 l;2012;2013;3;3.56;%;18.55;19.21
116101;Pomeranèe; Kè / 1 kg;2012;2013;1;2.81;%;26.36;27.1
117401;Konzumní brambory; Kè / 1 kg;2012;2013;2;55.27;%;12.63;19.61
114501;Eidamská cihla; Kè / 1 kg;2012;2013;1;-0.02;%;130.13;130.11
116104;Jablka konzumní; Kè / 1 kg;2012;2013;1;11.45;%;28.83;32.13
122102;Pøírodní minerální voda uhlièitá; Kè / 1 l;2012;2013;2;-2.08;%;9.13;8.94
115101;Máslo; Kè / 1 kg;2012;2013;1;0.96;%;144.33;145.71
117103;Papriky; Kè / 1 kg;2012;2013;1;-1.67;%;65.43;64.34
112101;Hovìzí maso zadní bez kosti; Kè / 1 kg;2012;2013;2;4.23;%;198.72;207.12
111201;Pšenièná mouka hladká; Kè / 1 kg;2012;2013;2;27.54;%;10.64;13.57
112401;Kuøata kuchaná celá; Kè / 1 kg;2012;2013;2;12.1;%;61.64;69.1
111303;Peèivo pšenièné bílé; Kè / 1 kg;2012;2013;2;-4.39;%;43.47;41.56
114201;Mléko polotuèné pasterované; Kè / 1 l;2012;2013;2;-1.09;%;19.19;18.98
114401;Jogurt bílý netuèný; Kè / 150 g;2012;2013;4;14.39;%;7.09;8.11
117401;Konzumní brambory; Kè / 1 kg;2012;2013;1;43.76;%;9.69;13.93
116103;Banány žluté; Kè / 1 kg;2012;2013;4;-7.22;%;30.88;28.65
114701;Vejce slepièí èerstvá; Kè / 10 ks;2012;2013;4;-16.85;%;34.54;28.72
122102;Pøírodní minerální voda uhlièitá; Kè / 1 l;2012;2013;1;-2.44;%;9.02;8.8
117101;Rajská jablka èervená kulatá; Kè / 1 kg;2012;2013;4;1.21;%;36.27;36.71
115201;Rostlinný roztíratelný tuk; Kè / 1 kg;2012;2013;4;1.82;%;91.85;93.52
112101;Hovìzí maso zadní bez kosti; Kè / 1 kg;2012;2013;1;6.26;%;194.21;206.37
111201;Pšenièná mouka hladká; Kè / 1 kg;2012;2013;1;16.0;%;11.5;13.34
112401;Kuøata kuchaná celá; Kè / 1 kg;2012;2013;1;15.61;%;59.83;69.17
111303;Peèivo pšenièné bílé; Kè / 1 kg;2012;2013;1;-2.52;%;45.68;44.53
114201;Mléko polotuèné pasterované; Kè / 1 l;2012;2013;1;2.55;%;18.85;19.33
114401;Jogurt bílý netuèný; Kè / 150 g;2012;2013;3;7.6;%;7.24;7.79
116103;Banány žluté; Kè / 1 kg;2012;2013;3;5.86;%;29.0;30.7
118101;Cukr krystalový; Kè / 1 kg;2012;2013;4;0.88;%;23.88;24.09
114701;Vejce slepièí èerstvá; Kè / 10 ks;2012;2013;3;-21.77;%;34.55;27.03
117101;Rajská jablka èervená kulatá; Kè / 1 kg;2012;2013;3;-20.17;%;30.99;24.74
213201;Pivo výèepní, svìtlé, lahvové; Kè / 0,5 l;2012;2013;4;0.38;%;10.54;10.58
115201;Rostlinný roztíratelný tuk; Kè / 1 kg;2012;2013;3;5.48;%;89.39;94.29
2000001;Kapr živý; Kè / 1 kg;2012;2013;4;-2.22;%;90.09;88.09
117106;Mrkev; Kè / 1 kg;2012;2013;4;9.52;%;14.29;15.65
111602;Tìstoviny vajeèné; Kè / 1 kg;2012;2013;4;10.23;%;38.42;42.35
111101;Rýže loupaná dlouhozrnná; Kè / 1 kg;2012;2013;4;0.67;%;34.54;34.77
112201;Vepøová peèenì s kostí; Kè / 1 kg;2012;2013;4;2.45;%;115.32;118.15
111301;Chléb konzumní kmínový; Kè / 1 kg;2012;2013;4;-0.04;%;23.08;23.07
112704;Šunkový salám; Kè / 1 kg;2012;2013;4;2.72;%;125.26;128.67
114401;Jogurt bílý netuèný; Kè / 150 g;2012;2013;2;4.91;%;7.13;7.48
116103;Banány žluté; Kè / 1 kg;2012;2013;2;5.24;%;31.46;33.11
118101;Cukr krystalový; Kè / 1 kg;2012;2013;3;-1.31;%;24.39;24.07
114701;Vejce slepièí èerstvá; Kè / 10 ks;2012;2013;2;-20.0;%;38.2;30.56
117101;Rajská jablka èervená kulatá; Kè / 1 kg;2012;2013;2;4.87;%;41.9;43.94
213201;Pivo výèepní, svìtlé, lahvové; Kè / 0,5 l;2012;2013;3;3.2;%;10.0;10.32
115201;Rostlinný roztíratelný tuk; Kè / 1 kg;2012;2013;2;4.11;%;88.61;92.25
117106;Mrkev; Kè / 1 kg;2012;2013;3;12.73;%;19.72;22.23
111602;Tìstoviny vajeèné; Kè / 1 kg;2012;2013;3;12.2;%;37.55;42.13
111101;Rýže loupaná dlouhozrnná; Kè / 1 kg;2012;2013;3;3.2;%;33.75;34.83
112201;Vepøová peèenì s kostí; Kè / 1 kg;2012;2013;3;5.84;%;109.04;115.41
111301;Chléb konzumní kmínový; Kè / 1 kg;2012;2013;3;2.29;%;22.67;23.19
112704;Šunkový salám; Kè / 1 kg;2012;2013;3;3.26;%;122.51;126.5
117401;Konzumní brambory; Kè / 1 kg;2013;2014;2;-16.57;%;19.61;16.36
114501;Eidamská cihla; Kè / 1 kg;2013;2014;1;26.01;%;130.11;163.95
116104;Jablka konzumní; Kè / 1 kg;2013;2014;1;-1.56;%;32.13;31.63
122102;Pøírodní minerální voda uhlièitá; Kè / 1 l;2013;2014;2;-1.9;%;8.94;8.77
115101;Máslo; Kè / 1 kg;2013;2014;1;14.32;%;145.71;166.57
117103;Papriky; Kè / 1 kg;2013;2014;1;10.04;%;64.34;70.8
116101;Pomeranèe; Kè / 1 kg;2013;2014;1;3.39;%;27.1;28.02
112101;Hovìzí maso zadní bez kosti; Kè / 1 kg;2013;2014;2;-1.52;%;207.12;203.97
111201;Pšenièná mouka hladká; Kè / 1 kg;2013;2014;2;-3.76;%;13.57;13.06
112401;Kuøata kuchaná celá; Kè / 1 kg;2013;2014;2;4.86;%;69.1;72.46
111303;Peèivo pšenièné bílé; Kè / 1 kg;2013;2014;2;-1.4;%;41.56;40.98
114201;Mléko polotuèné pasterované; Kè / 1 l;2013;2014;2;11.06;%;18.98;21.08
114401;Jogurt bílý netuèný; Kè / 150 g;2013;2014;4;3.45;%;8.11;8.39
117401;Konzumní brambory; Kè / 1 kg;2013;2014;1;25.7;%;13.93;17.51
116103;Banány žluté; Kè / 1 kg;2013;2014;4;7.26;%;28.65;30.73
114701;Vejce slepièí èerstvá; Kè / 10 ks;2013;2014;4;14.14;%;28.72;32.78
122102;Pøírodní minerální voda uhlièitá; Kè / 1 l;2013;2014;1;0.23;%;8.8;8.82
117101;Rajská jablka èervená kulatá; Kè / 1 kg;2013;2014;4;27.3;%;36.71;46.73
115201;Rostlinný roztíratelný tuk; Kè / 1 kg;2013;2014;4;-2.37;%;93.52;91.3
112101;Hovìzí maso zadní bez kosti; Kè / 1 kg;2013;2014;1;0.34;%;206.37;207.07
111201;Pšenièná mouka hladká; Kè / 1 kg;2013;2014;1;-0.67;%;13.34;13.25
112401;Kuøata kuchaná celá; Kè / 1 kg;2013;2014;1;3.99;%;69.17;71.93
111303;Peèivo pšenièné bílé; Kè / 1 kg;2013;2014;1;-8.4;%;44.53;40.79
114201;Mléko polotuèné pasterované; Kè / 1 l;2013;2014;1;4.76;%;19.33;20.25
114401;Jogurt bílý netuèný; Kè / 150 g;2013;2014;3;7.32;%;7.79;8.36
116103;Banány žluté; Kè / 1 kg;2013;2014;3;-6.25;%;30.7;28.78
118101;Cukr krystalový; Kè / 1 kg;2013;2014;4;-18.64;%;24.09;19.6
114701;Vejce slepièí èerstvá; Kè / 10 ks;2013;2014;3;12.28;%;27.03;30.35
117101;Rajská jablka èervená kulatá; Kè / 1 kg;2013;2014;3;32.66;%;24.74;32.82
213201;Pivo výèepní, svìtlé, lahvové; Kè / 0,5 l;2013;2014;4;-1.23;%;10.58;10.45
115201;Rostlinný roztíratelný tuk; Kè / 1 kg;2013;2014;3;-3.12;%;94.29;91.35
117106;Mrkev; Kè / 1 kg;2013;2014;4;-8.75;%;15.65;14.28
111101;Rýže loupaná dlouhozrnná; Kè / 1 kg;2013;2014;4;2.99;%;34.77;35.81
112201;Vepøová peèenì s kostí; Kè / 1 kg;2013;2014;4;-1.71;%;118.15;116.13
111301;Chléb konzumní kmínový; Kè / 1 kg;2013;2014;4;-0.04;%;23.07;23.06
112704;Šunkový salám; Kè / 1 kg;2013;2014;4;1.17;%;128.67;130.17
111602;Tìstoviny vajeèné; Kè / 1 kg;2013;2014;4;0.87;%;42.35;42.72
114401;Jogurt bílý netuèný; Kè / 150 g;2013;2014;2;14.97;%;7.48;8.6
116103;Banány žluté; Kè / 1 kg;2013;2014;2;2.6;%;33.11;33.97
118101;Cukr krystalový; Kè / 1 kg;2013;2014;3;-10.93;%;24.07;21.44
114701;Vejce slepièí èerstvá; Kè / 10 ks;2013;2014;2;-1.44;%;30.56;30.12
117101;Rajská jablka èervená kulatá; Kè / 1 kg;2013;2014;2;-16.43;%;43.94;36.72
213201;Pivo výèepní, svìtlé, lahvové; Kè / 0,5 l;2013;2014;3;4.17;%;10.32;10.75
115201;Rostlinný roztíratelný tuk; Kè / 1 kg;2013;2014;2;2.38;%;92.25;94.45
117106;Mrkev; Kè / 1 kg;2013;2014;3;-27.8;%;22.23;16.05
111101;Rýže loupaná dlouhozrnná; Kè / 1 kg;2013;2014;3;2.01;%;34.83;35.53
112201;Vepøová peèenì s kostí; Kè / 1 kg;2013;2014;3;1.62;%;115.41;117.28
111301;Chléb konzumní kmínový; Kè / 1 kg;2013;2014;3;-1.51;%;23.19;22.84
112704;Šunkový salám; Kè / 1 kg;2013;2014;3;2.28;%;126.5;129.38
111602;Tìstoviny vajeèné; Kè / 1 kg;2013;2014;3;-0.47;%;42.13;41.93
114401;Jogurt bílý netuèný; Kè / 150 g;2013;2014;1;16.76;%;7.4;8.64
116103;Banány žluté; Kè / 1 kg;2013;2014;1;-4.55;%;34.7;33.12
118101;Cukr krystalový; Kè / 1 kg;2013;2014;2;-4.13;%;23.99;23.0
114701;Vejce slepièí èerstvá; Kè / 10 ks;2013;2014;1;-14.48;%;35.63;30.47
117101;Rajská jablka èervená kulatá; Kè / 1 kg;2013;2014;1;12.46;%;43.01;48.37
213201;Pivo výèepní, svìtlé, lahvové; Kè / 0,5 l;2013;2014;2;-0.65;%;10.7;10.63
115201;Rostlinný roztíratelný tuk; Kè / 1 kg;2013;2014;1;2.07;%;93.15;95.08
117106;Mrkev; Kè / 1 kg;2013;2014;2;-16.17;%;21.03;17.63
111602;Tìstoviny vajeèné; Kè / 1 kg;2013;2014;2;4.89;%;40.9;42.9
111101;Rýže loupaná dlouhozrnná; Kè / 1 kg;2013;2014;2;0.14;%;34.9;34.95
112201;Vepøová peèenì s kostí; Kè / 1 kg;2013;2014;2;1.43;%;115.2;116.85
111301;Chléb konzumní kmínový; Kè / 1 kg;2013;2014;2;-1.07;%;23.27;23.02
112704;Šunkový salám; Kè / 1 kg;2013;2014;2;4.22;%;124.29;129.54
114501;Eidamská cihla; Kè / 1 kg;2013;2014;4;-12.95;%;158.7;138.15
118101;Cukr krystalový; Kè / 1 kg;2013;2014;1;-1.68;%;24.47;24.06
116104;Jablka konzumní; Kè / 1 kg;2013;2014;4;-17.08;%;30.45;25.25
115101;Máslo; Kè / 1 kg;2013;2014;4;-1.85;%;164.76;161.71
117103;Papriky; Kè / 1 kg;2013;2014;4;-3.64;%;52.81;50.89
213201;Pivo výèepní, svìtlé, lahvové; Kè / 0,5 l;2013;2014;1;0.94;%;10.6;10.7
2000001;Kapr živý; Kè / 1 kg;2013;2014;4;-1.95;%;88.09;86.37
117106;Mrkev; Kè / 1 kg;2013;2014;1;9.38;%;15.46;16.91
116101;Pomeranèe; Kè / 1 kg;2013;2014;4;-7.65;%;32.04;29.59
111602;Tìstoviny vajeèné; Kè / 1 kg;2013;2014;1;10.3;%;38.63;42.61
111101;Rýže loupaná dlouhozrnná; Kè / 1 kg;2013;2014;1;1.6;%;34.42;34.97
112201;Vepøová peèenì s kostí; Kè / 1 kg;2013;2014;1;0.44;%;114.75;115.25
111301;Chléb konzumní kmínový; Kè / 1 kg;2013;2014;1;0.57;%;22.95;23.08
112704;Šunkový salám; Kè / 1 kg;2013;2014;1;2.51;%;125.48;128.63
117401;Konzumní brambory; Kè / 1 kg;2013;2014;4;-46.41;%;16.72;8.96
114501;Eidamská cihla; Kè / 1 kg;2013;2014;3;-0.43;%;145.6;144.98
116104;Jablka konzumní; Kè / 1 kg;2013;2014;3;-19.71;%;39.53;31.74
122102;Pøírodní minerální voda uhlièitá; Kè / 1 l;2013;2014;4;1.49;%;8.71;8.84
115101;Máslo; Kè / 1 kg;2013;2014;3;2.0;%;157.96;161.12
117103;Papriky; Kè / 1 kg;2013;2014;3;-4.72;%;55.06;52.46
116101;Pomeranèe; Kè / 1 kg;2013;2014;3;-11.24;%;36.13;32.07
112101;Hovìzí maso zadní bez kosti; Kè / 1 kg;2013;2014;4;-0.97;%;207.51;205.49
111201;Pšenièná mouka hladká; Kè / 1 kg;2013;2014;4;-0.77;%;13.0;12.9
112401;Kuøata kuchaná celá; Kè / 1 kg;2013;2014;4;-0.25;%;71.17;70.99
111303;Peèivo pšenièné bílé; Kè / 1 kg;2013;2014;4;-2.5;%;40.82;39.8
114201;Mléko polotuèné pasterované; Kè / 1 l;2013;2014;4;4.79;%;19.85;20.8
117401;Konzumní brambory; Kè / 1 kg;2013;2014;3;-35.53;%;17.48;11.27
114501;Eidamská cihla; Kè / 1 kg;2013;2014;2;16.41;%;133.46;155.36
116104;Jablka konzumní; Kè / 1 kg;2013;2014;2;-4.7;%;35.11;33.46
122102;Pøírodní minerální voda uhlièitá; Kè / 1 l;2013;2014;3;-1.88;%;8.5;8.34
115101;Máslo; Kè / 1 kg;2013;2014;2;7.77;%;150.78;162.49
117103;Papriky; Kè / 1 kg;2013;2014;2;-9.56;%;75.23;68.04
116101;Pomeranèe; Kè / 1 kg;2013;2014;2;-3.81;%;30.21;29.06
112101;Hovìzí maso zadní bez kosti; Kè / 1 kg;2013;2014;3;-2.17;%;207.76;203.26
111201;Pšenièná mouka hladká; Kè / 1 kg;2013;2014;3;-1.49;%;13.45;13.25
112401;Kuøata kuchaná celá; Kè / 1 kg;2013;2014;3;5.8;%;67.75;71.68
111303;Peèivo pšenièné bílé; Kè / 1 kg;2013;2014;3;-1.05;%;41.02;40.59
114201;Mléko polotuèné pasterované; Kè / 1 l;2013;2014;3;7.6;%;19.21;20.67
114401;Jogurt bílý netuèný; Kè / 150 g;2014;2015;1;-2.66;%;8.64;8.41
116103;Banány žluté; Kè / 1 kg;2014;2015;1;2.99;%;33.12;34.11
118101;Cukr krystalový; Kè / 1 kg;2014;2015;2;-18.78;%;23.0;18.68
114701;Vejce slepièí èerstvá; Kè / 10 ks;2014;2015;1;9.32;%;30.47;33.31
117101;Rajská jablka èervená kulatá; Kè / 1 kg;2014;2015;1;-3.66;%;48.37;46.6
213201;Pivo výèepní, svìtlé, lahvové; Kè / 0,5 l;2014;2015;2;0.19;%;10.63;10.65
115201;Rostlinný roztíratelný tuk; Kè / 1 kg;2014;2015;1;-3.83;%;95.08;91.44
117106;Mrkev; Kè / 1 kg;2014;2015;2;47.25;%;17.63;25.96
111101;Rýže loupaná dlouhozrnná; Kè / 1 kg;2014;2015;2;1.97;%;34.95;35.64
112201;Vepøová peèenì s kostí; Kè / 1 kg;2014;2015;2;-5.17;%;116.85;110.81
111301;Chléb konzumní kmínový; Kè / 1 kg;2014;2015;2;-2.09;%;23.02;22.54
112704;Šunkový salám; Kè / 1 kg;2014;2015;2;-0.5;%;129.54;128.89
111602;Tìstoviny vajeèné; Kè / 1 kg;2014;2015;2;2.24;%;42.9;43.86
114501;Eidamská cihla; Kè / 1 kg;2014;2015;4;-22.34;%;138.15;107.29
118101;Cukr krystalový; Kè / 1 kg;2014;2015;1;-18.33;%;24.06;19.65
116104;Jablka konzumní; Kè / 1 kg;2014;2015;4;18.53;%;25.25;29.93
115101;Máslo; Kè / 1 kg;2014;2015;4;-7.69;%;161.71;149.27
117103;Papriky; Kè / 1 kg;2014;2015;4;11.44;%;50.89;56.71
213201;Pivo výèepní, svìtlé, lahvové; Kè / 0,5 l;2014;2015;1;1.03;%;10.7;10.81
117106;Mrkev; Kè / 1 kg;2014;2015;1;-4.38;%;16.91;16.17
116101;Pomeranèe; Kè / 1 kg;2014;2015;4;16.73;%;29.59;34.54
111101;Rýže loupaná dlouhozrnná; Kè / 1 kg;2014;2015;1;1.74;%;34.97;35.58
112201;Vepøová peèenì s kostí; Kè / 1 kg;2014;2015;1;-6.19;%;115.25;108.12
111301;Chléb konzumní kmínový; Kè / 1 kg;2014;2015;1;-0.43;%;23.08;22.98
112704;Šunkový salám; Kè / 1 kg;2014;2015;1;2.15;%;128.63;131.39
111602;Tìstoviny vajeèné; Kè / 1 kg;2014;2015;1;3.5;%;42.61;44.1
117401;Konzumní brambory; Kè / 1 kg;2014;2015;4;66.63;%;8.96;14.93
114501;Eidamská cihla; Kè / 1 kg;2014;2015;3;-21.76;%;144.98;113.43
116104;Jablka konzumní; Kè / 1 kg;2014;2015;3;0.91;%;31.74;32.03
122102;Pøírodní minerální voda uhlièitá; Kè / 1 l;2014;2015;4;-2.04;%;8.84;8.66
115101;Máslo; Kè / 1 kg;2014;2015;3;-2.81;%;161.12;156.6
117103;Papriky; Kè / 1 kg;2014;2015;3;-4.46;%;52.46;50.12
116101;Pomeranèe; Kè / 1 kg;2014;2015;3;19.46;%;32.07;38.31
112101;Hovìzí maso zadní bez kosti; Kè / 1 kg;2014;2015;4;-2.01;%;205.49;201.35
111201;Pšenièná mouka hladká; Kè / 1 kg;2014;2015;4;-9.38;%;12.9;11.69
112401;Kuøata kuchaná celá; Kè / 1 kg;2014;2015;4;-2.9;%;70.99;68.93
111303;Peèivo pšenièné bílé; Kè / 1 kg;2014;2015;4;-1.06;%;39.8;39.38
114201;Mléko polotuèné pasterované; Kè / 1 l;2014;2015;4;-10.82;%;20.8;18.55
117401;Konzumní brambory; Kè / 1 kg;2014;2015;3;19.88;%;11.27;13.51
114501;Eidamská cihla; Kè / 1 kg;2014;2015;2;-18.25;%;155.36;127.01
116104;Jablka konzumní; Kè / 1 kg;2014;2015;2;-9.03;%;33.46;30.44
122102;Pøírodní minerální voda uhlièitá; Kè / 1 l;2014;2015;3;3.24;%;8.34;8.61
115101;Máslo; Kè / 1 kg;2014;2015;2;-1.35;%;162.49;160.3
117103;Papriky; Kè / 1 kg;2014;2015;2;23.37;%;68.04;83.94
116101;Pomeranèe; Kè / 1 kg;2014;2015;2;4.58;%;29.06;30.39
112101;Hovìzí maso zadní bez kosti; Kè / 1 kg;2014;2015;3;-2.06;%;203.26;199.07
111201;Pšenièná mouka hladká; Kè / 1 kg;2014;2015;3;-5.89;%;13.25;12.47
112401;Kuøata kuchaná celá; Kè / 1 kg;2014;2015;3;-5.19;%;71.68;67.96
111303;Peèivo pšenièné bílé; Kè / 1 kg;2014;2015;3;-3.45;%;40.59;39.19
114201;Mléko polotuèné pasterované; Kè / 1 l;2014;2015;3;-9.1;%;20.67;18.79
117401;Konzumní brambory; Kè / 1 kg;2014;2015;2;-14.18;%;16.36;14.04
114501;Eidamská cihla; Kè / 1 kg;2014;2015;1;-20.82;%;163.95;129.81
116104;Jablka konzumní; Kè / 1 kg;2014;2015;1;-14.39;%;31.63;27.08
122102;Pøírodní minerální voda uhlièitá; Kè / 1 l;2014;2015;2;-0.8;%;8.77;8.7
115101;Máslo; Kè / 1 kg;2014;2015;1;-2.76;%;166.57;161.97
117103;Papriky; Kè / 1 kg;2014;2015;1;-10.59;%;70.8;63.3
2000001;Kapr živý; Kè / 1 kg;2014;2015;4;0.93;%;86.37;87.17
116101;Pomeranèe; Kè / 1 kg;2014;2015;1;-4.53;%;28.02;26.75
112101;Hovìzí maso zadní bez kosti; Kè / 1 kg;2014;2015;2;0.92;%;203.97;205.84
111201;Pšenièná mouka hladká; Kè / 1 kg;2014;2015;2;0.54;%;13.06;13.13
112401;Kuøata kuchaná celá; Kè / 1 kg;2014;2015;2;-3.37;%;72.46;70.02
111303;Peèivo pšenièné bílé; Kè / 1 kg;2014;2015;2;-3.32;%;40.98;39.62
114201;Mléko polotuèné pasterované; Kè / 1 l;2014;2015;2;-4.13;%;21.08;20.21
117401;Konzumní brambory; Kè / 1 kg;2014;2015;1;-37.81;%;17.51;10.89
116103;Banány žluté; Kè / 1 kg;2014;2015;4;-6.77;%;30.73;28.65
114701;Vejce slepièí èerstvá; Kè / 10 ks;2014;2015;4;-10.16;%;32.78;29.45
122102;Pøírodní minerální voda uhlièitá; Kè / 1 l;2014;2015;1;0.34;%;8.82;8.85
117101;Rajská jablka èervená kulatá; Kè / 1 kg;2014;2015;4;0.98;%;46.73;47.19
115201;Rostlinný roztíratelný tuk; Kè / 1 kg;2014;2015;4;0.15;%;91.3;91.44
114401;Jogurt bílý netuèný; Kè / 150 g;2014;2015;4;3.1;%;8.39;8.65
112101;Hovìzí maso zadní bez kosti; Kè / 1 kg;2014;2015;1;-0.47;%;207.07;206.09
111201;Pšenièná mouka hladká; Kè / 1 kg;2014;2015;1;-1.36;%;13.25;13.07
112401;Kuøata kuchaná celá; Kè / 1 kg;2014;2015;1;-0.71;%;71.93;71.42
111303;Peèivo pšenièné bílé; Kè / 1 kg;2014;2015;1;-2.77;%;40.79;39.66
114201;Mléko polotuèné pasterované; Kè / 1 l;2014;2015;1;1.78;%;20.25;20.61
116103;Banány žluté; Kè / 1 kg;2014;2015;3;6.01;%;28.78;30.51
118101;Cukr krystalový; Kè / 1 kg;2014;2015;4;-20.31;%;19.6;15.62
114701;Vejce slepièí èerstvá; Kè / 10 ks;2014;2015;3;-2.31;%;30.35;29.65
117101;Rajská jablka èervená kulatá; Kè / 1 kg;2014;2015;3;-3.93;%;32.82;31.53
213201;Pivo výèepní, svìtlé, lahvové; Kè / 0,5 l;2014;2015;4;0.57;%;10.45;10.51
115201;Rostlinný roztíratelný tuk; Kè / 1 kg;2014;2015;3;-1.17;%;91.35;90.28
117106;Mrkev; Kè / 1 kg;2014;2015;4;37.75;%;14.28;19.67
114401;Jogurt bílý netuèný; Kè / 150 g;2014;2015;3;3.71;%;8.36;8.67
111101;Rýže loupaná dlouhozrnná; Kè / 1 kg;2014;2015;4;1.59;%;35.81;36.38
112201;Vepøová peèenì s kostí; Kè / 1 kg;2014;2015;4;-8.12;%;116.13;106.7
111301;Chléb konzumní kmínový; Kè / 1 kg;2014;2015;4;-4.81;%;23.06;21.95
112704;Šunkový salám; Kè / 1 kg;2014;2015;4;-1.01;%;130.17;128.85
111602;Tìstoviny vajeèné; Kè / 1 kg;2014;2015;4;6.02;%;42.72;45.29
116103;Banány žluté; Kè / 1 kg;2014;2015;2;1.21;%;33.97;34.38
118101;Cukr krystalový; Kè / 1 kg;2014;2015;3;-19.54;%;21.44;17.25
114701;Vejce slepièí èerstvá; Kè / 10 ks;2014;2015;2;6.77;%;30.12;32.16
117101;Rajská jablka èervená kulatá; Kè / 1 kg;2014;2015;2;24.59;%;36.72;45.75
213201;Pivo výèepní, svìtlé, lahvové; Kè / 0,5 l;2014;2015;3;0.19;%;10.75;10.77
115201;Rostlinný roztíratelný tuk; Kè / 1 kg;2014;2015;2;-1.55;%;94.45;92.99
117106;Mrkev; Kè / 1 kg;2014;2015;3;34.21;%;16.05;21.54
114401;Jogurt bílý netuèný; Kè / 150 g;2014;2015;2;-2.79;%;8.6;8.36
111101;Rýže loupaná dlouhozrnná; Kè / 1 kg;2014;2015;3;1.66;%;35.53;36.12
112201;Vepøová peèenì s kostí; Kè / 1 kg;2014;2015;3;-7.04;%;117.28;109.02
111301;Chléb konzumní kmínový; Kè / 1 kg;2014;2015;3;-2.36;%;22.84;22.3
112704;Šunkový salám; Kè / 1 kg;2014;2015;3;-2.37;%;129.38;126.32
111602;Tìstoviny vajeèné; Kè / 1 kg;2014;2015;3;5.99;%;41.93;44.44
117401;Konzumní brambory; Kè / 1 kg;2015;2016;2;27.14;%;14.04;17.85
114501;Eidamská cihla; Kè / 1 kg;2015;2016;1;-19.64;%;129.81;104.32
116104;Jablka konzumní; Kè / 1 kg;2015;2016;1;8.79;%;27.08;29.46
122102;Pøírodní minerální voda uhlièitá; Kè / 1 l;2015;2016;2;-0.34;%;8.7;8.67
115101;Máslo; Kè / 1 kg;2015;2016;1;-12.31;%;161.97;142.03
117103;Papriky; Kè / 1 kg;2015;2016;1;27.33;%;63.3;80.6
116101;Pomeranèe; Kè / 1 kg;2015;2016;1;4.97;%;26.75;28.08
112101;Hovìzí maso zadní bez kosti; Kè / 1 kg;2015;2016;2;-1.18;%;205.84;203.42
111201;Pšenièná mouka hladká; Kè / 1 kg;2015;2016;2;-13.63;%;13.13;11.34
112401;Kuøata kuchaná celá; Kè / 1 kg;2015;2016;2;-1.33;%;70.02;69.09
111303;Peèivo pšenièné bílé; Kè / 1 kg;2015;2016;2;2.8;%;39.62;40.73
114201;Mléko polotuèné pasterované; Kè / 1 l;2015;2016;2;-11.83;%;20.21;17.82
117401;Konzumní brambory; Kè / 1 kg;2015;2016;1;49.68;%;10.89;16.3
116103;Banány žluté; Kè / 1 kg;2015;2016;4;2.41;%;28.65;29.34
114701;Vejce slepièí èerstvá; Kè / 10 ks;2015;2016;4;3.43;%;29.45;30.46
122102;Pøírodní minerální voda uhlièitá; Kè / 1 l;2015;2016;1;-1.24;%;8.85;8.74
117101;Rajská jablka èervená kulatá; Kè / 1 kg;2015;2016;4;-6.27;%;47.19;44.23
115201;Rostlinný roztíratelný tuk; Kè / 1 kg;2015;2016;4;-3.17;%;91.44;88.54
114401;Jogurt bílý netuèný; Kè / 150 g;2015;2016;4;-9.83;%;8.65;7.8
112101;Hovìzí maso zadní bez kosti; Kè / 1 kg;2015;2016;1;-1.52;%;206.09;202.95
111201;Pšenièná mouka hladká; Kè / 1 kg;2015;2016;1;-15.3;%;13.07;11.07
112401;Kuøata kuchaná celá; Kè / 1 kg;2015;2016;1;-1.29;%;71.42;70.5
111303;Peèivo pšenièné bílé; Kè / 1 kg;2015;2016;1;1.29;%;39.66;40.17
114201;Mléko polotuèné pasterované; Kè / 1 l;2015;2016;1;-10.92;%;20.61;18.36
116103;Banány žluté; Kè / 1 kg;2015;2016;3;2.23;%;30.51;31.19
118101;Cukr krystalový; Kè / 1 kg;2015;2016;4;26.06;%;15.62;19.69
114701;Vejce slepièí èerstvá; Kè / 10 ks;2015;2016;3;-11.3;%;29.65;26.3
117101;Rajská jablka èervená kulatá; Kè / 1 kg;2015;2016;3;5.84;%;31.53;33.37
212101;Jakostní víno bílé; Kè / 0,75 l;2015;2016;4;-1.03;%;93.32;92.36
213201;Pivo výèepní, svìtlé, lahvové; Kè / 0,5 l;2015;2016;4;7.9;%;10.51;11.34
115201;Rostlinný roztíratelný tuk; Kè / 1 kg;2015;2016;3;2.69;%;90.28;92.71
117106;Mrkev; Kè / 1 kg;2015;2016;4;-27.0;%;19.67;14.36
114401;Jogurt bílý netuèný; Kè / 150 g;2015;2016;3;-6.92;%;8.67;8.07
111101;Rýže loupaná dlouhozrnná; Kè / 1 kg;2015;2016;4;1.1;%;36.38;36.78
112201;Vepøová peèenì s kostí; Kè / 1 kg;2015;2016;4;7.8;%;106.7;115.02
111301;Chléb konzumní kmínový; Kè / 1 kg;2015;2016;4;0.59;%;21.95;22.08
112704;Šunkový salám; Kè / 1 kg;2015;2016;4;4.78;%;128.85;135.01
111602;Tìstoviny vajeèné; Kè / 1 kg;2015;2016;4;0.18;%;45.29;45.37
116103;Banány žluté; Kè / 1 kg;2015;2016;2;-4.33;%;34.38;32.89
118101;Cukr krystalový; Kè / 1 kg;2015;2016;3;5.86;%;17.25;18.26
114701;Vejce slepièí èerstvá; Kè / 10 ks;2015;2016;2;-11.66;%;32.16;28.41
117101;Rajská jablka èervená kulatá; Kè / 1 kg;2015;2016;2;-21.01;%;45.75;36.14
212101;Jakostní víno bílé; Kè / 0,75 l;2015;2016;3;2.54;%;93.09;95.45
213201;Pivo výèepní, svìtlé, lahvové; Kè / 0,5 l;2015;2016;3;3.44;%;10.77;11.14
115201;Rostlinný roztíratelný tuk; Kè / 1 kg;2015;2016;2;-0.13;%;92.99;92.87
2000001;Kapr živý; Kè / 1 kg;2015;2016;4;-2.41;%;87.17;85.07
117106;Mrkev; Kè / 1 kg;2015;2016;3;-13.05;%;21.54;18.73
114401;Jogurt bílý netuèný; Kè / 150 g;2015;2016;2;-1.79;%;8.36;8.21
111101;Rýže loupaná dlouhozrnná; Kè / 1 kg;2015;2016;3;1.47;%;36.12;36.65
112201;Vepøová peèenì s kostí; Kè / 1 kg;2015;2016;3;1.63;%;109.02;110.8
111301;Chléb konzumní kmínový; Kè / 1 kg;2015;2016;3;-2.42;%;22.3;21.76
112704;Šunkový salám; Kè / 1 kg;2015;2016;3;1.77;%;126.32;128.56
111602;Tìstoviny vajeèné; Kè / 1 kg;2015;2016;3;1.82;%;44.44;45.25
116103;Banány žluté; Kè / 1 kg;2015;2016;1;-1.88;%;34.11;33.47
118101;Cukr krystalový; Kè / 1 kg;2015;2016;2;-11.08;%;18.68;16.61
114701;Vejce slepièí èerstvá; Kè / 10 ks;2015;2016;1;-11.65;%;33.31;29.43
117101;Rajská jablka èervená kulatá; Kè / 1 kg;2015;2016;1;4.18;%;46.6;48.55
212101;Jakostní víno bílé; Kè / 0,75 l;2015;2016;2;3.49;%;92.58;95.81
213201;Pivo výèepní, svìtlé, lahvové; Kè / 0,5 l;2015;2016;2;5.16;%;10.65;11.2
115201;Rostlinný roztíratelný tuk; Kè / 1 kg;2015;2016;1;0.21;%;91.44;91.63
117106;Mrkev; Kè / 1 kg;2015;2016;2;-19.65;%;25.96;20.86
114401;Jogurt bílý netuèný; Kè / 150 g;2015;2016;1;-0.36;%;8.41;8.38
111101;Rýže loupaná dlouhozrnná; Kè / 1 kg;2015;2016;2;1.32;%;35.64;36.11
112201;Vepøová peèenì s kostí; Kè / 1 kg;2015;2016;2;-4.65;%;110.81;105.66
111301;Chléb konzumní kmínový; Kè / 1 kg;2015;2016;2;-4.17;%;22.54;21.6
112704;Šunkový salám; Kè / 1 kg;2015;2016;2;-1.77;%;128.89;126.61
111602;Tìstoviny vajeèné; Kè / 1 kg;2015;2016;2;1.55;%;43.86;44.54
114501;Eidamská cihla; Kè / 1 kg;2015;2016;4;24.15;%;107.29;133.2
118101;Cukr krystalový; Kè / 1 kg;2015;2016;1;-19.69;%;19.65;15.78
116104;Jablka konzumní; Kè / 1 kg;2015;2016;4;-2.47;%;29.93;29.19
115101;Máslo; Kè / 1 kg;2015;2016;4;12.67;%;149.27;168.18
212101;Jakostní víno bílé; Kè / 0,75 l;2015;2016;1;4.72;%;90.71;94.99
117103;Papriky; Kè / 1 kg;2015;2016;4;-9.1;%;56.71;51.55
213201;Pivo výèepní, svìtlé, lahvové; Kè / 0,5 l;2015;2016;1;4.16;%;10.81;11.26
117106;Mrkev; Kè / 1 kg;2015;2016;1;25.29;%;16.17;20.26
116101;Pomeranèe; Kè / 1 kg;2015;2016;4;-3.3;%;34.54;33.4
111101;Rýže loupaná dlouhozrnná; Kè / 1 kg;2015;2016;1;2.73;%;35.58;36.55
112201;Vepøová peèenì s kostí; Kè / 1 kg;2015;2016;1;-1.62;%;108.12;106.37
111301;Chléb konzumní kmínový; Kè / 1 kg;2015;2016;1;-5.83;%;22.98;21.64
112704;Šunkový salám; Kè / 1 kg;2015;2016;1;-0.57;%;131.39;130.64
111602;Tìstoviny vajeèné; Kè / 1 kg;2015;2016;1;0.07;%;44.1;44.13
117401;Konzumní brambory; Kè / 1 kg;2015;2016;4;-17.41;%;14.93;12.33
114501;Eidamská cihla; Kè / 1 kg;2015;2016;3;-5.74;%;113.43;106.92
116104;Jablka konzumní; Kè / 1 kg;2015;2016;3;-5.53;%;32.03;30.26
122102;Pøírodní minerální voda uhlièitá; Kè / 1 l;2015;2016;4;-2.66;%;8.66;8.43
115101;Máslo; Kè / 1 kg;2015;2016;3;-7.55;%;156.6;144.78
117103;Papriky; Kè / 1 kg;2015;2016;3;5.59;%;50.12;52.92
116101;Pomeranèe; Kè / 1 kg;2015;2016;3;-2.74;%;38.31;37.26
112101;Hovìzí maso zadní bez kosti; Kè / 1 kg;2015;2016;4;4.03;%;201.35;209.47
111201;Pšenièná mouka hladká; Kè / 1 kg;2015;2016;4;-9.5;%;11.69;10.58
112401;Kuøata kuchaná celá; Kè / 1 kg;2015;2016;4;-2.22;%;68.93;67.4
111303;Peèivo pšenièné bílé; Kè / 1 kg;2015;2016;4;6.4;%;39.38;41.9
114201;Mléko polotuèné pasterované; Kè / 1 l;2015;2016;4;-2.1;%;18.55;18.16
117401;Konzumní brambory; Kè / 1 kg;2015;2016;3;6.44;%;13.51;14.38
114501;Eidamská cihla; Kè / 1 kg;2015;2016;2;-21.95;%;127.01;99.13
116104;Jablka konzumní; Kè / 1 kg;2015;2016;2;1.38;%;30.44;30.86
122102;Pøírodní minerální voda uhlièitá; Kè / 1 l;2015;2016;3;2.21;%;8.61;8.8
115101;Máslo; Kè / 1 kg;2015;2016;2;-13.67;%;160.3;138.38
117103;Papriky; Kè / 1 kg;2015;2016;2;-12.87;%;83.94;73.14
116101;Pomeranèe; Kè / 1 kg;2015;2016;2;4.15;%;30.39;31.65
112101;Hovìzí maso zadní bez kosti; Kè / 1 kg;2015;2016;3;4.61;%;199.07;208.24
111201;Pšenièná mouka hladká; Kè / 1 kg;2015;2016;3;-10.83;%;12.47;11.12
112401;Kuøata kuchaná celá; Kè / 1 kg;2015;2016;3;1.38;%;67.96;68.9
111303;Peèivo pšenièné bílé; Kè / 1 kg;2015;2016;3;3.5;%;39.19;40.56
114201;Mléko polotuèné pasterované; Kè / 1 l;2015;2016;3;-8.25;%;18.79;17.24
116103;Banány žluté; Kè / 1 kg;2016;2017;1;-5.68;%;33.47;31.57
118101;Cukr krystalový; Kè / 1 kg;2016;2017;2;20.23;%;16.61;19.97
114701;Vejce slepièí èerstvá; Kè / 10 ks;2016;2017;1;13.76;%;29.43;33.48
117101;Rajská jablka èervená kulatá; Kè / 1 kg;2016;2017;1;16.52;%;48.55;56.57
212101;Jakostní víno bílé; Kè / 0,75 l;2016;2017;2;-1.0;%;95.81;94.85
213201;Pivo výèepní, svìtlé, lahvové; Kè / 0,5 l;2016;2017;2;-1.07;%;11.2;11.08
115201;Rostlinný roztíratelný tuk; Kè / 1 kg;2016;2017;1;-0.77;%;91.63;90.92
117106;Mrkev; Kè / 1 kg;2016;2017;2;-22.58;%;20.86;16.15
114401;Jogurt bílý netuèný; Kè / 150 g;2016;2017;1;0.6;%;8.38;8.43
111101;Rýže loupaná dlouhozrnná; Kè / 1 kg;2016;2017;2;0.14;%;36.11;36.16
112201;Vepøová peèenì s kostí; Kè / 1 kg;2016;2017;2;12.49;%;105.66;118.86
111301;Chléb konzumní kmínový; Kè / 1 kg;2016;2017;2;13.98;%;21.6;24.62
112704;Šunkový salám; Kè / 1 kg;2016;2017;2;10.62;%;126.61;140.06
111602;Tìstoviny vajeèné; Kè / 1 kg;2016;2017;2;5.79;%;44.54;47.12
114501;Eidamská cihla; Kè / 1 kg;2016;2017;4;15.59;%;133.2;153.96
118101;Cukr krystalový; Kè / 1 kg;2016;2017;1;28.71;%;15.78;20.31
116104;Jablka konzumní; Kè / 1 kg;2016;2017;4;17.54;%;29.19;34.31
115101;Máslo; Kè / 1 kg;2016;2017;4;36.12;%;168.18;228.93
212101;Jakostní víno bílé; Kè / 0,75 l;2016;2017;1;3.57;%;94.99;98.38
117103;Papriky; Kè / 1 kg;2016;2017;4;0.76;%;51.55;51.94
213201;Pivo výèepní, svìtlé, lahvové; Kè / 0,5 l;2016;2017;1;-0.89;%;11.26;11.16
117106;Mrkev; Kè / 1 kg;2016;2017;1;-26.51;%;20.26;14.89
116101;Pomeranèe; Kè / 1 kg;2016;2017;4;9.37;%;33.4;36.53
111101;Rýže loupaná dlouhozrnná; Kè / 1 kg;2016;2017;1;-0.38;%;36.55;36.41
112201;Vepøová peèenì s kostí; Kè / 1 kg;2016;2017;1;9.21;%;106.37;116.17
111301;Chléb konzumní kmínový; Kè / 1 kg;2016;2017;1;7.21;%;21.64;23.2
112704;Šunkový salám; Kè / 1 kg;2016;2017;1;4.43;%;130.64;136.43
111602;Tìstoviny vajeèné; Kè / 1 kg;2016;2017;1;-1.29;%;44.13;43.56
117401;Konzumní brambory; Kè / 1 kg;2016;2017;4;10.62;%;12.33;13.64
114501;Eidamská cihla; Kè / 1 kg;2016;2017;3;37.38;%;106.92;146.89
116104;Jablka konzumní; Kè / 1 kg;2016;2017;3;12.46;%;30.26;34.03
122102;Pøírodní minerální voda uhlièitá; Kè / 1 l;2016;2017;4;5.1;%;8.43;8.86
115101;Máslo; Kè / 1 kg;2016;2017;3;47.39;%;144.78;213.39
117103;Papriky; Kè / 1 kg;2016;2017;3;-1.78;%;52.92;51.98
2000001;Kapr živý; Kè / 1 kg;2016;2017;4;3.12;%;85.07;87.72
116101;Pomeranèe; Kè / 1 kg;2016;2017;3;14.39;%;37.26;42.62
112101;Hovìzí maso zadní bez kosti; Kè / 1 kg;2016;2017;4;4.46;%;209.47;218.81
111201;Pšenièná mouka hladká; Kè / 1 kg;2016;2017;4;11.53;%;10.58;11.8
112401;Kuøata kuchaná celá; Kè / 1 kg;2016;2017;4;1.91;%;67.4;68.69
111303;Peèivo pšenièné bílé; Kè / 1 kg;2016;2017;4;9.19;%;41.9;45.75
114201;Mléko polotuèné pasterované; Kè / 1 l;2016;2017;4;10.52;%;18.16;20.07
117401;Konzumní brambory; Kè / 1 kg;2016;2017;3;3.41;%;14.38;14.87
114501;Eidamská cihla; Kè / 1 kg;2016;2017;2;32.37;%;99.13;131.22
116104;Jablka konzumní; Kè / 1 kg;2016;2017;2;3.37;%;30.86;31.9
122102;Pøírodní minerální voda uhlièitá; Kè / 1 l;2016;2017;3;0.57;%;8.8;8.85
115101;Máslo; Kè / 1 kg;2016;2017;2;26.51;%;138.38;175.07
117103;Papriky; Kè / 1 kg;2016;2017;2;-8.14;%;73.14;67.19
116101;Pomeranèe; Kè / 1 kg;2016;2017;2;12.92;%;31.65;35.74
112101;Hovìzí maso zadní bez kosti; Kè / 1 kg;2016;2017;3;5.41;%;208.24;219.51
111201;Pšenièná mouka hladká; Kè / 1 kg;2016;2017;3;2.79;%;11.12;11.43
112401;Kuøata kuchaná celá; Kè / 1 kg;2016;2017;3;-2.08;%;68.9;67.47
111303;Peèivo pšenièné bílé; Kè / 1 kg;2016;2017;3;11.88;%;40.56;45.38
114201;Mléko polotuèné pasterované; Kè / 1 l;2016;2017;3;14.15;%;17.24;19.68
117401;Konzumní brambory; Kè / 1 kg;2016;2017;2;-0.67;%;17.85;17.73
114501;Eidamská cihla; Kè / 1 kg;2016;2017;1;32.52;%;104.32;138.25
116104;Jablka konzumní; Kè / 1 kg;2016;2017;1;2.68;%;29.46;30.25
122102;Pøírodní minerální voda uhlièitá; Kè / 1 l;2016;2017;2;-0.69;%;8.67;8.61
115101;Máslo; Kè / 1 kg;2016;2017;1;22.35;%;142.03;173.77
117103;Papriky; Kè / 1 kg;2016;2017;1;-2.63;%;80.6;78.48
116101;Pomeranèe; Kè / 1 kg;2016;2017;1;8.23;%;28.08;30.39
112101;Hovìzí maso zadní bez kosti; Kè / 1 kg;2016;2017;2;8.39;%;203.42;220.48
111201;Pšenièná mouka hladká; Kè / 1 kg;2016;2017;2;-2.03;%;11.34;11.11
112401;Kuøata kuchaná celá; Kè / 1 kg;2016;2017;2;-1.13;%;69.09;68.31
111303;Peèivo pšenièné bílé; Kè / 1 kg;2016;2017;2;11.51;%;40.73;45.42
114201;Mléko polotuèné pasterované; Kè / 1 l;2016;2017;2;8.31;%;17.82;19.3
117401;Konzumní brambory; Kè / 1 kg;2016;2017;1;7.24;%;16.3;17.48
116103;Banány žluté; Kè / 1 kg;2016;2017;4;2.62;%;29.34;30.11
114701;Vejce slepièí èerstvá; Kè / 10 ks;2016;2017;4;49.18;%;30.46;45.44
122102;Pøírodní minerální voda uhlièitá; Kè / 1 l;2016;2017;1;0.8;%;8.74;8.81
117101;Rajská jablka èervená kulatá; Kè / 1 kg;2016;2017;4;17.18;%;44.23;51.83
115201;Rostlinný roztíratelný tuk; Kè / 1 kg;2016;2017;4;6.09;%;88.54;93.93
117106;Mrkev; Kè / 1 kg;2016;2017;4;-1.81;%;14.36;14.1
112101;Hovìzí maso zadní bez kosti; Kè / 1 kg;2016;2017;1;5.58;%;202.95;214.28
111201;Pšenièná mouka hladká; Kè / 1 kg;2016;2017;1;2.89;%;11.07;11.39
112401;Kuøata kuchaná celá; Kè / 1 kg;2016;2017;1;-3.19;%;70.5;68.25
111303;Peèivo pšenièné bílé; Kè / 1 kg;2016;2017;1;10.53;%;40.17;44.4
114201;Mléko polotuèné pasterované; Kè / 1 l;2016;2017;1;3.16;%;18.36;18.94
116103;Banány žluté; Kè / 1 kg;2016;2017;3;-10.61;%;31.19;27.88
118101;Cukr krystalový; Kè / 1 kg;2016;2017;4;-2.49;%;19.69;19.2
114701;Vejce slepièí èerstvá; Kè / 10 ks;2016;2017;3;26.58;%;26.3;33.29
117101;Rajská jablka èervená kulatá; Kè / 1 kg;2016;2017;3;-10.91;%;33.37;29.73
212101;Jakostní víno bílé; Kè / 0,75 l;2016;2017;4;5.9;%;92.36;97.81
213201;Pivo výèepní, svìtlé, lahvové; Kè / 0,5 l;2016;2017;4;1.32;%;11.34;11.49
115201;Rostlinný roztíratelný tuk; Kè / 1 kg;2016;2017;3;5.06;%;92.71;97.4
117106;Mrkev; Kè / 1 kg;2016;2017;3;-19.97;%;18.73;14.99
114401;Jogurt bílý netuèný; Kè / 150 g;2016;2017;3;10.78;%;8.07;8.94
114401;Jogurt bílý netuèný; Kè / 150 g;2016;2017;4;15.13;%;7.8;8.98
111101;Rýže loupaná dlouhozrnná; Kè / 1 kg;2016;2017;4;-1.06;%;36.78;36.39
112201;Vepøová peèenì s kostí; Kè / 1 kg;2016;2017;4;3.27;%;115.02;118.78
111301;Chléb konzumní kmínový; Kè / 1 kg;2016;2017;4;10.14;%;22.08;24.32
112704;Šunkový salám; Kè / 1 kg;2016;2017;4;7.17;%;135.01;144.69
111602;Tìstoviny vajeèné; Kè / 1 kg;2016;2017;4;6.7;%;45.37;48.41
116103;Banány žluté; Kè / 1 kg;2016;2017;2;5.62;%;32.89;34.74
118101;Cukr krystalový; Kè / 1 kg;2016;2017;3;11.56;%;18.26;20.37
114701;Vejce slepièí èerstvá; Kè / 10 ks;2016;2017;2;16.61;%;28.41;33.13
117101;Rajská jablka èervená kulatá; Kè / 1 kg;2016;2017;2;12.53;%;36.14;40.67
212101;Jakostní víno bílé; Kè / 0,75 l;2016;2017;3;0.3;%;95.45;95.74
213201;Pivo výèepní, svìtlé, lahvové; Kè / 0,5 l;2016;2017;3;2.78;%;11.14;11.45
115201;Rostlinný roztíratelný tuk; Kè / 1 kg;2016;2017;2;2.21;%;92.87;94.92
114401;Jogurt bílý netuèný; Kè / 150 g;2016;2017;2;4.26;%;8.21;8.56
111101;Rýže loupaná dlouhozrnná; Kè / 1 kg;2016;2017;3;-1.09;%;36.65;36.25
112201;Vepøová peèenì s kostí; Kè / 1 kg;2016;2017;3;7.66;%;110.8;119.29
111301;Chléb konzumní kmínový; Kè / 1 kg;2016;2017;3;12.82;%;21.76;24.55
112704;Šunkový salám; Kè / 1 kg;2016;2017;3;14.3;%;128.56;146.94
111602;Tìstoviny vajeèné; Kè / 1 kg;2016;2017;3;4.13;%;45.25;47.12
